"","Start Date","End Date","Response Type","IP Address","Progress","Duration (in seconds)","Finished","Recorded Date","Response ID","Recipient Last Name","Recipient First Name","Recipient Email","External Data Reference","Location Latitude","Location Longitude","Distribution Channel","User Language","Do you wish to proceed with the study, understanding that audio recordings of your singing and speaking will be shared publicly (under a CC BY-NC non-commercial open access license)?","group","ID","How much do you agree with the following statements? - ""I enjoy singing with others""","How much do you agree with the following statements? - â€˜â€˜I trust the other participantsâ€","How much do you agree with the following statements? - â€œI enjoy speaking with others""","How much do you agree with the following statements? - ""I feel like I am on the same team with the other participants""","How much do you agree with the following statements? - â€œSinging with others makes me feel uncomfortable or embarrassedâ€™â€™","How much do you agree with the following statements? - â€œI think I am similar to the other participantsâ€™â€™","How much do you agree with the following statements? - â€œSpeaking with others makes me feel uncomfortable or embarrassedâ€™â€™","How much do you agree with the following statements? - â€œI feel strong ties to the other participantsâ€","How much do you agree with the following statements? - ""I have a lot in common with the other participants""","How much do you agree with the following statements? - ""I am someone who is outgoing or sociableâ€","How close do you feel to all the other participants? - 1","How much do you agree with the following statements? - â€œThe task was difficult""","How much do you agree with the following statements? - â€˜â€˜I trust the other participantsâ€","How much do you agree with the following statements? - â€œThe task was enjoyableâ€™â€™","How much do you agree with the following statements? - ""I feel like I am on the same team with the other participants""","How much do you agree with the following statements? - â€œThe task made me feel uncomfortable or embarrassedâ€™â€™","How much do you agree with the following statements? - â€œI think I am similar to the other participantsâ€™â€™","How much do you agree with the following statements? - â€œI followed the instructions wellâ€","How much do you agree with the following statements? - â€œI was synchronized with the other participantsâ€","How much do you agree with the following statements? - â€œI feel strong ties to the other participantsâ€","attention","How much do you agree with the following statements? - ""I have a lot in common with the other participants""","How much do you agree with the following statements? - ""One of our group acted as a leader in the task""","How close do you feel to all the other participants? - 1","Imagine that all participants can anonymously contribute some of their payment to a pool of money that will be multiplied by 1.5 and divided equally among the participants. The more you contribute, the more all participants will receive on average, but the less you contribute the more you personally will receive in the end. So, if everyone in a group of 5 contributes 50% of their payment (e.g., $5), each person in the group would get $12.50 instead of $10. If, however, the others all contribute 50% but you contribute 0%, the others would receive $11 total but you would receive $16. No one will know how much any other individual chose to contribute, only the total amount.


How much would you realistically want to contribute to the shared pool (from 0%-100%)? - % contribution to the shared pool","What do you think was the goal of the experiment, and what do you think the results will be?","How much do you agree with the following statements? - â€œThe tasks were difficult""","How much do you agree with the following statements? - â€˜â€˜I trust the other participantsâ€","How much do you agree with the following statements? - â€œThe tasks were enjoyableâ€™â€™","How much do you agree with the following statements? - ""I feel like I am on the same team with the other participants""","How much do you agree with the following statements? - â€œThe tasks made me feel uncomfortable or embarrassedâ€™â€™","How much do you agree with the following statements? - â€œI think I am similar to the other participantsâ€™â€™","How much do you agree with the following statements? - â€œI followed the instructions wellâ€","How much do you agree with the following statements? - â€œI was synchronized with the other participantsâ€","How much do you agree with the following statements? - â€œI feel strong ties to the other participantsâ€","How much do you agree with the following statements? - ""I have a lot in common with the other participants""","How much do you agree with the following statements? - ""One of our group acted as a leader in the tasks""","How close do you feel to all the other participants? - 1","How old are you?","What is your gender? - Selected Choice","What is your gender? - Other (please describe, e.g., ""non-binary"") - Text","What is (are) your 1st/native language(s)?","What ethnic/racial group(s) do you identify as?","What (if any) religious group(s) are you affiliated with?","What city and country are you performing this experiment in?","What city and country were you born in?","How much do you agree with the following statements? - ""I consider myself a musician""","How much do you agree with the following statements? - â€œI have been complimented for my talents as a musical performer.","How much do you agree with the following statements? - ""I know the song we sung""","How much do you agree with the following statements? - ""I like the song we sang""","How much do you agree with the following statements? - ""I sing regularly""","How many years of formal musical training have you had in singing?","How many years of formal musical training have you had in musical instruments?","I have had training on the following musical instrument(s)","How many  of the other participants in the group have you seen or met before?","If you answered more than 0 to the previous question, please rate how well on average you knew all of the other participants - Average familiarity","Do you have any comments regarding the study?"
"1","21/03/2025 13:11","21/03/2025 13:41","IP Address","NA","100","1812","TRUE","21/03/2025 13:41","R_8ammIkvOwGOak98",NA,NA,NA,NA,"51.5128","-0.0638","qr","ZH-S","I give consent","S","9","63","60","62","81","14","53","19","49","55","30","48","10","77","30","52","18","28","81","59","49","81","50","21","53","12.54","éŸ³ä¹ä¸è¯­è¨€çš„å…³ç³»ï¼Ÿ","72","76","45","53","24","68","81","13","47","39","25","52","28","Man",NA,"ä¸­æ–‡","ä¸­å›½äºº",NA,"è‹±å›½ä¼¦æ•¦","ä¸­å›½","85","81","89","84","14","0","06-Sep","é’¢ç´","3","20","æ— æ„è§"
"2","21/03/2025 13:11","21/03/2025 13:41","IP Address","NA","100","1841","TRUE","21/03/2025 13:41","R_22WVRL01Lm6RcOU",NA,NA,NA,NA,"51.4964","-0.1224","qr","ZH-S","I give consent","S","6","11","45","65","11","65","46","25","2","1","30","5","0","10","36","17","44","4","96","58","8","99","4","0","1","0.32","I don't know","0","11","55","13","0","6","100","61","5","9","0","12","26","Man",NA,"Mandarin","Chinese","n/a","London, UK","Kaohsiung City, Taiwan","0","0","89","49","0","0","0",NA,"0",NA,"no"
"3","21/03/2025 13:13","21/03/2025 13:42","IP Address","NA","100","1710","TRUE","21/03/2025 13:42","R_2qmQEMclBCR4PC8",NA,NA,NA,NA,"52.4867","-1.8989","qr","ZH-S","I give consent","S","4","72","55","73","46","33","35","21","12","28","40","28","6","52","72","71","6","41","100","83","39","100","39","8","55","19.11","å¯¹æ¯”åˆå”±å‰åäººä»¬å¯¹å½¼æ­¤çœ‹æ³•ï¼Œè¿æ¥ç¨‹åº¦ï¼Œå›¢é˜Ÿæ„Ÿ","27","34","50","37","37","42","100","61","39","40","7","46","27","Man",NA,"ä¸­æ–‡","ä¸­å›½äºº","æ— ","è‹±å›½ä¼¦æ•¦","ä¸­å›½å®‰å¾½é“œé™µ","26","57","100","78","68","0","03-May","ç”µå­ç´ï¼Œé’¢ç´","2","21","æ— "
"4","21/03/2025 13:11","21/03/2025 13:42","IP Address","NA","100","1864","TRUE","21/03/2025 13:42","R_2X1BknWqOv08IRo",NA,NA,NA,NA,"51.5081","-0.1278","qr","ZH-S","I give consent","S","5","99","48","76","36","0","0","10","13","14","78","17","49","24","67","48","2","3","83","76","48","57","5","10","41","50.48","æ¥æ¢ç©¶åˆå”±å’Œç¾¤ä½“ä¿¡ä»»ä¹‹é—´çš„å…³ç³»æˆ–è€…å½±å“","7","7","49","6","7","24","86","56","29","29","14","39","28","Man",NA,"ä¸­æ–‡","ä¸­å›½äºº",NA,"è‹±å›½","ä¸­å›½ å’¸é˜³å¸‚","48","73","91","77","96","0","0.5","å‰ä»–","0",NA,NA
"5","21/03/2025 13:11","21/03/2025 13:42","IP Address","NA","100","1858","TRUE","21/03/2025 13:42","R_8oBUL5omiaGQ8R2",NA,NA,NA,NA,"51.4964","-0.1224","qr","ZH-S","I give consent","S","3","75","29","49","34","56","26","33","13","56","67","29","0","67","79","75","5","61","87","87","71","54","59","11","55",NA,"Does synchronised singing enhance social bonding more than speaking does?","13","65","56","59","25","25","88","63","49","44","20","33","24","Prefer not to answer",NA,"æ™®é€šè¯","ä¸­å›½äºº","æ— ","è‹±å›½ä¼¦æ•¦","ä¸­å›½å¤©æ´¥","18","62","87","63","31","0.5","03-May","è¨å…‹æ–¯è‘«èŠ¦ä¸æ¶å­é¼“å¤ç­","0",NA,NA
"6","21/03/2025 13:11","21/03/2025 13:42","IP Address","NA","100","1876","TRUE","21/03/2025 13:42","R_2UP4siccMMJkSPL",NA,NA,NA,NA,"51.5128","-0.0638","qr","ZH-S","I give consent","S","8","51","90","53","51","50","50","52","41","38","32","11","39","50","50","77","27","49","100","100","52","85","41","53","36","50.48","ç ”ç©¶éŸ³ä¹èƒ½ä¸èƒ½è®©äººä¸äººä¹‹é—´çš„å…³ç³»æ›´ç´§å¯†","6","99","76","62","17","15","95","65","42","34","47","23","24","Woman",NA,"ä¸­æ–‡ï¼ˆç²¤è¯­ï¼‰","ä¸­å›½äºº","æ— ","è‹±å›½ä¼¦æ•¦","ä¸­å›½å¹¿ä¸œ","23","48","100","77","46","0.5","1","å‰ä»–ï¼Œç¬›å­","1","19","æ²¡ä»€ä¹ˆæ„è§"
"7","21/03/2025 13:11","21/03/2025 13:42","IP Address","NA","100","1878","TRUE","21/03/2025 13:42","R_8cvYeaMwxcPFr21",NA,NA,NA,NA,"51.5689","0.008","qr","EN","I give consent","S","7","100","18","76","9","5","3","37","2","1","33","4","21","6","68","2","2","2","63","25","2","94","1","2","2","0","to see if group singing can strengthen the tie between strangers. I believe it will, but only to a limited extend.","2","2","18","2","3","1","90","5","2","2","2","2","23","Other (please describe, e.g., ""non-binary"")","non binary","Wu Chinese","Chinese","N/A","London","Taizhou, China","60","60","70","65","98","2","06-Sep","violin","0",NA,"no"
"8","21/03/2025 13:11","21/03/2025 13:43","IP Address","NA","100","1907","TRUE","21/03/2025 13:43","R_8ezDYz1Yd6d7vNV",NA,NA,NA,NA,"52.4867","-1.8989","qr","ZH-S","I give consent","S","2","43","51","76","52","40","51","18","53","15","66","29","20","68","48","51","9","68","100","94","51","98","60","50","37","51.04","éŸ³ä¹å’Œè¯­è¨€çš„å…³ç³»","20","66","82","99","15","70","100","100","74","73","90","56","24","Woman",NA,"ä¸­æ–‡","ä¸­å›½äºº","æ— ","è‹±å›½","ä¸­å›½","13","78","90","78","70","06-Sep","06-Sep","ç«¹ç¬›","1","17","æ— "
"9","21/03/2025 13:11","21/03/2025 13:43","IP Address","NA","100","1944","TRUE","21/03/2025 13:43","R_2hZ0YM2gL1tWli0",NA,NA,NA,NA,"52.4867","-1.8989","qr","ZH-S","I give consent","S","1","77","81","56","64","47","52","53","34","35","33","50","11","68","60","67","39","51","100","88","63","86","51","51","58","59.8","è°ƒæŸ¥åˆå”±æ˜¯å¦å¢åŠ æƒ…æ„Ÿè¿æ¥","5","77","87","69","41","72","100","60","61","61","51","63","32","Man",NA,"ä¸­æ–‡","ä¸­å›½äºº","æ— ","è‹±å›½ä¼¦æ•¦","ä¸­å›½é•¿æ²™","67","57","100","68","49","1","10 or more","é’¢ç´ï¼Œå°æç´","1","6","æ— "
"10","21/03/2025 13:59","21/03/2025 14:29","IP Address","NA","100","1791","TRUE","21/03/2025 14:29","R_83VHeZtGUYqLp8P",NA,NA,NA,NA,"51.5017","-0.0617","qr","ZH-S","I give consent","C","5","54","52","1","0","0","100","0","0","12","16","57","37","41","39","45","47","43","38","46","48","43","53","55","57","51.77","ç”¨æˆ·è®¤çŸ¥","60","54","49","85","42","47","52","50","71","56","43","80","28","Man",NA,"ä¸­æ–‡","ä¸­å›½äºº","åŸºç£","ä¼¦æ•¦","æ­å·","0","7","8","10","12","0.5","0.5",NA,"0",NA,"å®éªŒç”¨æˆ·å‚ä¸ä»»åŠ¡å®Œæˆ"
"11","21/03/2025 13:58","21/03/2025 14:29","IP Address","NA","100","1848","TRUE","21/03/2025 14:29","R_2fl1BGawWGxf2Sa",NA,NA,NA,NA,"51.5128","-0.0638","qr","ZH-S","I give consent","C","8","63","50","50","12","24","10","47","16","7","7","4","20","23","31","17","65","8","58","59","16","50","18","17","1","50.43","ç ”ç©¶åœ¨å¤„äºåŒä¸€å°ç»„è®¨è®ºçš„è¿‡ç¨‹ä¸­ä¸ªäººå¯¹äºå°ç»„èå…¥æ„Ÿçš„å˜åŒ–","7","50","64","38","59","13","90","56","41","14","54","6",NA,"Man",NA,"ä¸­æ–‡","ä¸­å›½äºº","æ— ","è‹±å›½ä¼¦æ•¦","ä¸­å›½æ²³å—çœå¹³é¡¶å±±å¸‚","51","61","100","86","52","0.5","0",NA,"0",NA,"æ— "
"12","21/03/2025 13:58","21/03/2025 14:29","IP Address","NA","100","1860","TRUE","21/03/2025 14:29","R_8Ib0SlX6HgfBVit",NA,NA,NA,NA,"51.5128","-0.0638","qr","ZH-S","I give consent","C","7","68","100","78","71","50","50","24","37","53","53","48","37","60","49","49","52","40","58","52","30","79","30","15","29","81.38","å±•ç°å‚ä¸è€…çš„è¯­è¨€ä¹ æƒ¯ï¼Ÿé€šè¿‡è¿™ä¸ªé—®é¢˜èƒ½å¤§æ¦‚å°†å‚ä¸è€…åˆ†æˆè‹¥å¹²ç±»åˆ«ï¼Œå¯èƒ½å¯ä»¥è§£é‡Šåç»­å®éªŒçš„æ–¹å·®ï¼ˆpilot studyï¼‰","18","87","71","52","8","59","59","77","50","84","76","59","23","Man",NA,"ä¸­æ–‡","ä¸­å›½äºº","æ— ","ä¼¦æ•¦","ä¸­å›½æ¹–åŒ—","75","94","62","70","44","0","0","é’¢ç´","3","66","Stimuli å¯ä»¥å¤šæ ·ä¸€ç‚¹ï¼ˆè™½ç„¶ä¸å¤ªå¥½åˆ†æğŸ˜…ï¼‰"
"13","21/03/2025 13:59","21/03/2025 14:30","IP Address","NA","100","1867","TRUE","21/03/2025 14:30","R_2UiHdHXizknmsxz",NA,NA,NA,NA,"51.5128","-0.0638","qr","ZH-S","I give consent","C","4","28","28","41","39","71","32","21","19","15","18","3","3","3","3","3","3","3","4","3","4","14","3","3","10","33.38","è¿˜çœ‹ä¸å‡ºæ¥ï¼Œæˆ‘åªçŸ¥é“å®éªŒåæ˜¯éŸ³ä¹ä¸è¯­è¨€çš„å…³ç³»ï¼Œå¯èƒ½ä¼šç”¨ä¸åŒè¯­è¨€å”±æ­Œï¼Ÿ","4","4","18","21","3","3","3","22","4","4","3","21","22","Woman",NA,"ä¸­æ–‡","ä¸­å›½äºº","æ²¡æœ‰","è‹±å›½","å‡ºç”Ÿåœ¨ä¸­å›½çš„å¤©æ´¥","50","50","99","50","100","0.5","10 or more","äºŒèƒ¡","2","81","æ²¡æœ‰ï¼ŒæŒºå¥½"
"14","21/03/2025 13:58","21/03/2025 14:30","IP Address","NA","100","1913","TRUE","21/03/2025 14:30","R_8eRAMJMNA5G3nye",NA,NA,NA,NA,"51.5927","-2.9637","qr","ZH-S","I give consent","C","6","47","50","6","8","7","9","54","7","15","11","16","52","43","9","25","77","16","14","16","7","49","8","9","12","50.68","æµ‹è¯•æ¯ä¸ªäººå‘è¨€åå¯¹äºæ²¡æœ‰å‘çœ¼å‰å¯¹ç»„å‘˜çš„æ„Ÿå—çš„ä¸åŒ","2","42","49","20","47","7","48","3","1","0","44","3","24","Woman",NA,"ä¸­æ–‡","ä¸­å›½äºº","æ— ","è‹±å›½","ä¸­å›½","47","58","75","51","51","0","03-May","é’¢ç´","0",NA,"æ— "
"15","21/03/2025 13:58","21/03/2025 14:31","IP Address","NA","100","1960","TRUE","21/03/2025 14:31","R_2S2gQktS4jfkdCV",NA,NA,NA,NA,"51.5017","-0.0617","qr","ZH-S","I give consent","C","1","100","99","59","100","15","46","47","50","53","59","51","100","100","69","38","43","37","51","52","35","24","36","18","41","11.49","æ¢ç´¢äººä¸äººä¹‹é—´çš„ç†Ÿæ‚‰ç¨‹åº¦","5","99","76","59","9","42","89","38","38","39","70","47","25","Woman",NA,"ä¸­æ–‡","ä¸­å›½äºº",NA,"è‹±å›½ä¼¦æ•¦","ä¸­å›½çŸ³å®¶åº„","37","66","100","99","99","03-May","03-May","é’¢ç´ï¼Œå‰ä»–","1","7","å¸Œæœ›å‡†å¤‡æ—¶é—´çš„å€’è®¡æ—¶å¯ä»¥æ›´é•¿ï¼›ä¸€å¼€å§‹å›ç­”é—®é¢˜çš„å€’è®¡æ—¶ä¸ç¡®å®šæ˜¯ä¸€ä¸ªäººçš„æ—¶é—´è¿˜æ˜¯æ‰€æœ‰äººä¸€èµ·"
"16","21/03/2025 13:59","21/03/2025 14:31","IP Address","NA","100","1954","TRUE","21/03/2025 14:31","R_8lPmhlQ57NfnN8r",NA,NA,NA,NA,"51.5128","-0.0638","qr","EN","I give consent","C","3","49","60","42","50","21","42","53","9","42","7","20","51","25","36","37","49","9","68","19","19","66","21","1","25","80.09","To judge personality types, and how interaction between participants affects the default sentiments.","10","26","26","29","10","22","72","34","12","18","62","32","24","Man",NA,"Cantonese","Chinese","No","London, UK","Hong Kong","60","74","20","14","4","10 or more","10 or more","Piano, violin","2","84","Nope"
"17","21/03/2025 14:12","21/03/2025 14:33","IP Address","NA","100","1244","TRUE","21/03/2025 14:33","R_2gHKB7iyGzxf2wh",NA,NA,NA,NA,"51.4964","-0.1224","qr","ZH-S","I give consent","C","2","69","64","60","56","3","58","61","55","53","58","54","22","63","67","65","72","65","100","100","67","64","67","100","51","50","é€šè¿‡å”±æ­Œçš„æ–¹å¼çœ‹æ€§æ ¼åœ¨é›†ä½“æ´»åŠ¨ä¸­çš„å˜åŒ–","68","70","74","76","77","59","73","66","67","67","63","55","24","Woman",NA,"Mandarin","Chinese",NA,"London","Bozhou, China","63","65","65","68","61","0","1","Flute","0",NA,NA
"18","21/03/2025 14:59","21/03/2025 15:30","IP Address","NA","100","1830","TRUE","21/03/2025 15:30","R_2diwVwJnn2zXW9k",NA,NA,NA,NA,"51.5128","-0.0638","qr","EN","I give consent","R","6","100","100","100","100","0","0","0","9","0","100","27","0","42","0","40","0","0","100","100","29","100","23","0","50","15.3","See if a group activity like reading aloud together will make the participants feel more identified","0","48","53","56","0","0","100","54","56","58","32","78",NA,"Woman",NA,"Chinese","Chinese","no","London UK","China","77","73","100","100","100","1","0","no","0",NA,"I feel that the arrangement is not very reasonable, and the waiting time is longer than the experimental time"
"19","21/03/2025 14:59","21/03/2025 15:30","IP Address","NA","100","1843","TRUE","21/03/2025 15:30","R_2cuOX7UtBrUts9d",NA,NA,NA,NA,"51.5128","-0.0638","qr","EN","I give consent","R","2","88","15","91","27","52","25","6","5","5","91","4","5","16","4","29","62","3","73","56","14","73","17","47","15","50","Establish trust through singing. I think people will gain trust after the experiment.","85","73","53","51","67","46","91","88","28","30","21","40","27","Man",NA,"Chinese","Asian",NA,"London, UK","Harbin, China","79","84","80","75","44","06-Sep","10 or more","Guitar","0",NA,"When we were instructed to sing one after another, we cannot sing in the same key."
"20","21/03/2025 14:59","21/03/2025 15:30","IP Address","NA","100","1885","TRUE","21/03/2025 15:30","R_2Qlpr8f9d1i1MJP",NA,NA,NA,NA,"51.5128","-0.0638","qr","ZH-S","I give consent","R","8","49","35","76","0","99","25","1","0","46","64","0","51","79","0","15","97","25","93","88","10","92","7","10","10","30.03","æµ‹è¯•ä¿¡ä»»åº¦ï¼Ÿ","65","89","9","11","11","82","80","76","17","78","38","25","29","Woman",NA,"ä¸­æ–‡ ç²¤è¯­","ä¸­å›½äºº","æ— ","è‹±å›½ä¼¦æ•¦","ä¸­å›½æ±Ÿé—¨","23","23","95","18","16","0","10 or more","é’¢ç´","2","18","è¿‡äºå°´å°¬äº†"
"21","21/03/2025 14:59","21/03/2025 15:30","IP Address","NA","100","1882","TRUE","21/03/2025 15:30","R_2YAgbmBnE6UNXOB",NA,NA,NA,NA,"51.5128","-0.0638","qr","ZH-S","I give consent","R","7","75","75","100","41","11","20","4","20","20","85","35","7","71","49","22","5","20","94","93","15","94","23","69","32","60.3","ç ”ç©¶è¯­è¨€å’ŒéŸ³ä¹å¯¹äººé™…å…³ç³»çš„å½±å“","52","47","61","46","15","24","99","25","23","44","58","50","25","Woman",NA,"æ±‰è¯­","ä¸­å›½äºº","æ— ","ä¼¦æ•¦","ä¸­å›½ å…°å·","73","55","100","98","41",NA,"06-Sep","å°æç´","0",NA,"å®éªŒç»†èŠ‚éœ€è¦å†ä¼˜åŒ–ä¸€ä¸‹"
"22","21/03/2025 14:59","21/03/2025 15:30","IP Address","NA","100","1884","TRUE","21/03/2025 15:30","R_2zusb3MZUeUPAon",NA,NA,NA,NA,"51.5128","-0.0638","qr","ZH-S","I give consent","R","3","0","50","48","0","0","52","0","51","0","52","52","50","49","50","0","14","56","100","51","48","100","0","52","49","0","ä»é›†ä½“è¡Œä¸ºåˆ†æè¯­è¨€è¡¨è¾¾å’Œäººçš„å…³ç³»","50","51","50","74","48","0","76","48","48","0","0","53","28","Man",NA,"æ±‰è¯­","ä¸­å›½äºº","æ— ","è‹±å›½ä¼¦æ•¦","ä¸­å›½æ˜†æ˜","0","0","100","100","0","0","0",NA,"2","82","é—®å·çš„æ»‘å—è®¾ç½®ä¸åˆç†"
"23","21/03/2025 15:20","21/03/2025 15:30","IP Address","NA","100","627","TRUE","21/03/2025 15:30","R_27NM1XHAoPcaWAJ",NA,NA,NA,NA,"52.4867","-1.8989","qr","EN","I give consent","R","5","33","44","33","32","32","7","5","24","28","33","21","2","59","59","56","2","57","31","100","38","91","48","25","55","58.2","To test if speaking or singing in the same language makes people feel closer. I think it does","9","70","61","85","4","60","69","59","51","56","3","50","29","Woman",NA,"Chinese","Asian","No","London UK","Taiyuan, China","78","87","100","92","58","10 or more","06-Sep","Violin","0",NA,"No"
"24","21/03/2025 14:59","21/03/2025 15:31","IP Address","NA","100","1905","TRUE","21/03/2025 15:31","R_2CEgzy2XqSEfgxJ",NA,NA,NA,NA,"51.4964","-0.1224","qr","ZH-S","I give consent","R","1","21","64","75","62","69","52","67","49","56","71","64","19","63","58","69","45","84","86","74","78","69","83","76","54","27.85","æ¢è®¨äººåœ¨ç¾¤ä½“ä¸­è¿›è¡Œè¯´è¯æ—¶çš„å¿ƒç†çŠ¶æ€ æƒ…ç»ªå˜åŒ– ç¤¾äº¤æ´»åŠ¨","13","57","79","93","31","72","96","90","63","75","65","75","26","Man",NA,"æ±‰è¯­ï¼ˆæ™®é€šè¯ï¼‰","ä¸­å›½äºº","æ— ","è‹±å›½ä¼¦æ•¦","ä¸­å›½å±±ä¸œæ·„åš","7","12","92","65","50","0","1","å‰ä»–","0",NA,"æŒºå¥½çš„ã€‚å¯ä»¥çº³å…¥æ›´å¤šæœ‰æ„æ€çš„æœ‰äº’åŠ¨çš„ç¯èŠ‚å’Œå†…å®¹"
"25","21/03/2025 14:59","21/03/2025 15:31","IP Address","NA","100","1914","TRUE","21/03/2025 15:31","R_2aERgJMvEI62rjr",NA,NA,NA,NA,"52.539","-1.9883","qr","EN","I give consent","R","4","85","71","54","36","27","8","2","5","16","67","10","19","72","38","78","6","45","86","81","49","100","5","40","54","0","Don't know yet","46","49","45","39","50","11","100","55","9","5","41","36","28","Man",NA,"Chinese","Chinese","Na","Australia","Nanyang China","5","4","89","11","11","0","0","Na","0",NA,"Na"
"26","2025-05-07 14:13:06","2025-05-07 14:37:27","IP Address","NA","100","1461","True","2025-05-07 14:37:28","R_42HR5IZwZv14WdP",NA,NA,NA,NA,"-6.175","106.8286","qr","ID","Yes - I want to continue on to the study questions","C","10","52","94","73","52","48","25","44","47","69","86","48","35","72","34","100","8","78","48","64","33","100","33","51","65","29.73","melihat bagaimana interaksi kita kepada orang asing","2","78","100","84","3","48","70","50","68","47","4","81","20","Woman",NA,"Indonesia","jawa","islam","solo, Indonesia","solo, Indonesia","62","38","61","94","100","0","0","tidak ada","2","15","sangat menyenngkan"
"27","2025-05-07 14:07:50","2025-05-07 14:39:04","IP Address","NA","100","1873","True","2025-05-07 14:39:04","R_4IXb9Ej1SudZTDN",NA,NA,NA,NA,"-7.807","110.3963","qr","ID","Yes - I want to continue on to the study questions","C","2","17","23","53","54","9","10","20","4","5","52","44","47","45","56","52","20","72","54","27","27","100","12","16","51","16.22","menyumbang untuk suatu misi","48","51","50","79","21","49","100","54","42","29","43","49","21","Woman",NA,"jawa","jawa","islam","solo","pati","9","14","18","16","19","0","0","0","6","48","jujur sebenarnya saya tidak faham dunia permusikan"
"28","2025-05-07 14:06:59","2025-05-07 14:39:28","IP Address","NA","100","1948","True","2025-05-07 14:39:29","R_91D9BOGOS4H5nUt",NA,NA,NA,NA,"-7.7818","110.3575","qr","ID","Yes - I want to continue on to the study questions","C","3","43","39","39","43","69","51","45","37","33","17","41","34","47","50","48","27","50","44","43","44","100","66","17","63","50.01","Juka menurut saya pribadi eksperimen tersebut menguji seberapa empatinya kita terhadap orang lain. Dan menurut saya jika setiap orang memahami apa yang jelaskan maka eksperimen akan berjalan dengan baik","14","73","74","55","20","57","68","67","48","66","21","74","20","Woman",NA,"Bahasa Jawa","Ras Jawa","Islam","Surakarta, Indonesia","Karanganyar, Indonesia","29","16","43","19","62","2 tahun","Tidak pernah","Tidak ada","2","51","Menurut Saya Penelitian ini cukup unik, karena dimana beberapa orang yang mungkin belum mengenal dikumpulkan dalam satu ruangan dan melakukan eksperimen bernyanyi bersama dan bertukar pikiran"
"29","2025-05-07 14:05:46","2025-05-07 14:39:57","IP Address","NA","100","2051","True","2025-05-07 14:39:58","R_4DbYK1Fy57m2JBQ",NA,NA,NA,NA,"-7.7818","110.3575","qr","ID","Yes - I want to continue on to the study questions","C","8","100","100","86","87","39","78","71","22","60","33","64","100","25","4","20","28","28","7","13","4","100","14","11","24","50.8","Mungkin untuk belajar berdiskusi dengan baik hasilnya kita bisa saling memberi dukungan dan saran","88","80","75","59","10","36","100","31","9","14","32","37","21","Other (please describe, e.g., ""non-binary"")",NA,"Bahasa Indonesia","Jawa","Islam","Kartasura, Indonesia","Cilegon, Indonesia","6","4","9","2","63","1 hari","Tidak pernah","Tidak pernah","1","6","Tolong lagunya yang sedang trend si saat penelitian dilakukan"
"30","2025-05-07 14:06:38","2025-05-07 14:40:19","IP Address","NA","100","2021","True","2025-05-07 14:40:20","R_4VqnHZleAEXL2E1",NA,NA,NA,NA,"-6.175","106.8286","qr","ID","Yes - I want to continue on to the study questions","C","6","100","100","94","93","49","51","50","3","3","100","51","48","100","100","100","51","52","100","48","100","100","51","50","50","49.66","Tujuannya mengukur seberapa sampai hati seseorang untuk berbagi sesama lain walaupun identitasnya dirahasiakan","51","98","71","100","11","100","100","98","96","100","15","48","21",NA,NA,"Bahasa Indonesia","Jawa","Islam","Surakarta,Indonesia","Surakarta,Indonesia","53","49","100","99","50","1 tahun","3 tahun","Gitar","5","8","Cukup menarik"
"31","2025-05-07 14:07:38","2025-05-07 14:41:35","IP Address","NA","100","2036","True","2025-05-07 14:41:35","R_9c61XLNCmydUbNI",NA,NA,NA,NA,"-6.175","106.8286","qr","ID","Yes - I want to continue on to the study questions","C","9","93","94","90","86","14","85","74","74","92","90","72","50","98","99","99","6","83","92","67","79","100","59","51","77","49.7","menurut saya ini akan menjadi bentuk pelestarian budaya dimana akan ada hubungan atara nyanyian dan pembicaraan","12","92","100","100","3","76","99","96","59","60","57","72","19","Woman",NA,"Jawa","Jawa","Islam","Surakarta, Indonesia","Klaten, Indonesia","9","12","93","79","96","0","0","0","1","7","saya merasa senang dapat berpartisipasi dalam penelitian ini, dan semoga penelitian ini dapat berjalan dengan lancar dengan hasil yang diharapkan"
"32","2025-05-07 14:06:30","2025-05-07 14:43:11","IP Address","NA","100","2201","True","2025-05-07 14:43:12","R_4QETQAm1ndMa2bg",NA,NA,NA,NA,"-7.7818","110.3575","qr","ID","Yes - I want to continue on to the study questions","C","7","79","58","74","53","9","2","10","5","17","66","92","50","46","49","72","45","29","100","53","50","100","50","59","54","49.82","Menguji keloyalitasan dalam suatu kelompok","53","54","83","71","39","39","100","38","44","55","66","50","21","Woman",NA,"Bahasa indonesia","Jawa","Islam","Kota solo , indonesia","Sukoharjo , indonesia","52","35","100","90","100","-","-","Pianika","2","15","Sayq tidak menduga penelitian berlangsung sedikit mennyenangkan karema padacmulanya saya kira penelitian ini berlangsung kaku dan formal"
"33","2025-05-07 14:08:01","2025-05-07 14:43:24","IP Address","NA","100","2123","True","2025-05-07 14:43:24","R_4ISmPcOqHGdDAZw",NA,NA,NA,NA,"-7.6095","110.6769","qr","ID","Yes - I want to continue on to the study questions","C","1","6","41","100","55","100","100","28","19","8","52","9","78","44","100","78","77","100","61","55","41","100","44","100","11",NA,"Mencoba saling mengenal orang baru yang sama sekali belum pernah kita kenal dan tahu","45","80","100","100","12","100","100","100","70","34","100","30","21","Woman",NA,"Bahasa jawa","Jawa","Islam","Solo, Indonesia","Batang, Indonesia","28","22","9","46","78","7","3","Gitar , drum","1","13","Yang awalnya gak kenal jadi tahu dengan teman yang lain"
"34","2025-05-07 14:02:00","2025-05-07 14:44:20","IP Address","NA","100","2540","True","2025-05-07 14:44:21","R_4JfIn5XsPmD1B1P",NA,NA,NA,NA,"-6.175","106.8286","qr","ID","Yes - I want to continue on to the study questions","C","4","70","70","68","100","19","85","55","78","26","44","48","78","55","10","43","25","39","44","55","69","100","81","65","70","41.09","Eksperimen ini akan memberikan sebuah wawasan Baru kepada kita semua yang nantinya akan menjadi sebuah informasi yang bisa untuk disebarkan kepada orang lain","19","28","27","14","24","25","12","14","18","22","74","28","22","Man",NA,"Jawa","Suku jawa","Islam","Solo negara Indonesia","Kota Sarolangun negara Indonesia","19","28","100","17","14","12 tahun","3 tahun","Gamelan jawa","1","17","Tanggapan saya terkait dengan lagu yang dibawakan mungkin kurang bisa memahami juga saya agak terkendala dalam penglihatan maka untuk melihat lagu maupun nada yang dibawakan saya tidak bisa maksimal maka dari itu itulah yang menjadi kesulitan saya dalam survey ini tetapi semoga survey ini bisa bermanfaat dan dapat menentukan bagaimana hubungan antara bernyanyi maupun menjadi bukti bahwasanya semua manusia mempunyai kekurangan dan pasti akan dilengkapi oleh seseorang yang lain."
"35","2025-05-07 14:06:21","2025-05-07 14:58:31","IP Address","NA","100","3130","True","2025-05-07 14:58:32","R_4LzjZqn3UOGGAqG",NA,NA,NA,NA,"-6.175","106.8286","qr","ID","Yes - I want to continue on to the study questions","C","5","100","100","100","100","0","49","5","47","47","100","47","46","100","100","100","5","100","100","100","100","100","100","100","100","6.42","Untuk mengidentifikasi hubungan antara bernyanyi dengan berbicara, hasilnya akan terlihat menurut saya, sangat penting berbucara dengan bernyanyi itu saling berhubungan","7","100","100","100","5","100","100","100","100","100","100","100","21","Woman",NA,"Bahasa Jawa","-","Islam","Surakarta","Sragen","48","50","100","100","100","3 Tahun","1 Tahun","Gitar, Drum","0",NA,"Penelitian ini sangat menarik dan menyenangkan"
"36","2025-05-07 17:05:50","2025-05-07 17:34:21","IP Address","NA","100","1710","True","2025-05-07 17:34:22","R_47xOv1833C5smjM",NA,NA,NA,NA,"-6.175","106.8286","qr","ID","Yes - I want to continue on to the study questions","R","9","46","100","71","64","35","71","39","57","50","39","44","52","92","100","100","57","100","52","29","48","93","53","46","48","70.64","menurut saya, tujuan dari eksperimen ini adalah untuk mengetahui seberapa peduli sih dan kita cinta dengan bahasa tanah air kita","2","100","100","100","0","100","100","100","100","100","100","100","20","Woman",NA,"Indonesia","Jawa","Islam","Sukoharjo","Kudus, Indonesia","56","50","100","100","100","0","0","-","4","100","saya merasa senang, dengan penelitian ini saya bisa mendapatkan teman-teman dan bisa sharing yang dapat diambil di penelitian ini"
"37","2025-05-07 17:05:58","2025-05-07 17:34:45","IP Address","NA","100","1727","True","2025-05-07 17:34:46","R_4rDNxI8IlR6iyDD",NA,NA,NA,NA,"-7.7818","110.3575","anonymous","ID","Yes - I want to continue on to the study questions","R","5","83","55","70","55","28","95","6","46","50","75","49","51","50","97","47","3","51","53","55","55","85","49","44","45","50.13","Mengetahui persepsi terhadap orang lain terhadap kesamaan orang lain","50","49","91","77","12","74","78","68","61","52","59","75","20","Man",NA,"Indonesia","Jawa","Islam","Solo","Tegal","44","32","97","90","59","6","6","Pianika","5","72","Mengenai teknis, untuk penggunaan layar mohon bisa diperhatika dengan menggunakan ukuran yang lebih besar, karena cukup tidak terlihat"
"38","2025-05-07 17:05:43","2025-05-07 17:34:46","IP Address","NA","100","1742","True","2025-05-07 17:34:46","R_4W7z1C2vhdKyGZP",NA,NA,NA,NA,"-6.175","106.8286","qr","ID","Yes - I want to continue on to the study questions","R","8","37","53","78","74","16","64","8","9","21","19","50","78","42","46","65","18","79","19","19","15","88","18","80","25","60.55","hubungan komunikasi manusia dengan empati","11","87","99","99","3","95","99","88","43","57","40","77","21","Woman",NA,"bahasa Indonesia","Jawa","Islam","Solo","Lampung","57","19","69","71","100","tidak pernah","1 tahun","pianika, suling, gitar","0",NA,"layar terlalu kecil sehingga tulisan sulit terlihat dari jarak tertentu"
"39","2025-05-07 17:07:14","2025-05-07 17:34:59","IP Address","NA","100","1665","True","2025-05-07 17:35:00","R_4WtVLyZv3XZmoZK",NA,NA,NA,NA,"-7.7818","110.3575","qr","ID","Yes - I want to continue on to the study questions","R","6","60","96","66","52","18","92","55","100","74","82","11","9","49","93","59","51","100","9","20","57","91","81","9","6","70.82","Menurut saya penelitian ini mengarah oada seberapa percaya kita oada tim. Dengan diawali dgn nyanyi maka hati dan persaan tim akan semakin erat. Sehingg kepercayaan akan jumlah uang pada tim akan banyak (jafi percaya kalo orang kain dalam tim akan menyumbangkan banyak uang juga)","9","100","98","100","9","94","96","66","83","79","98","93","19","Woman",NA,"Bahasa indonesia","Suku jawa","Islam","Surakarta, indoneisa","Wonogiri, indoneisa","48","9","97","96","52","0","1","Pianika dan bell","4","32","Saya merasa akrab dengan teman yg blm pwenah saya temui karna bernyanyi"
"40","2025-05-07 17:11:46","2025-05-07 17:36:05","IP Address","NA","100","1458","True","2025-05-07 17:36:05","R_9fzFBcM6ePt4UVj",NA,NA,NA,NA,"-7.7194","110.3571","anonymous","ID","Yes - I want to continue on to the study questions","R","3","45","18","48","46","9","44","44","19","51","14","48","53","51","55","56","57","67","75","42","17","100","17","63","28","40","Untuk mengenalkan bahasa pada khalayak","15","50","52","52","57","61","71","70","19","29","43","52","20","Woman",NA,"Bahasa jawa","Jawa","Islam","Surakarta indonesia","Sukoharjo indonesia","8","5","36","38","19","2","2","Pianika","1","0","Sangat menarik dan menyenangkan"
"41","2025-05-07 17:08:00","2025-05-07 17:36:37","IP Address","NA","100","1717","True","2025-05-07 17:36:38","R_9CJzX0HOIVkZroy",NA,NA,NA,NA,"-7.6142","110.8131","qr","ID","Yes - I want to continue on to the study questions","R","4","47","75","75","51","70","0","48","49","48","0","0","71","49","51","0","53","50","0","0","0","25","23","0","0","55","Apakah dengan bernyanyi(lagu yang pada umumnya) seseorang akan terlihat seperti di terima oleh masyarakay atau orang lain","76","77","76","75","100","0","73","0","47","0","0","0","19","Man",NA,"Bahasa Indonesia","Jawa","Islam","Surakarta","Boyolali","80","0","27","28","49","0","0.5","Gitar","0",NA,"Mungkin untuk layar bisa agak besar tadi sempat kesulitan melihat intruksi nya. Untuk penelitian nya untuk saya sendiri pengalaman yang baru juga karena penelitian dengan bernyanyi bersama oranh yang belum kenal sebelumnya"
"42","2025-05-07 17:06:15","2025-05-07 17:37:53","IP Address","NA","100","1898","True","2025-05-07 17:37:53","R_9wgFEc6m3PoWcdH",NA,NA,NA,NA,"-7.7867","110.3816","qr","ID","Yes - I want to continue on to the study questions","R","10","71","91","90","75","48","78","12","13","51","82","9","58","91","73","51","20","86","20","22","21","90","22","83","9","27.94","Mengenali tipe suara, hasilnya akan banyak tipe suara yang terkumpul karena adanya keberagaman pita suara manusia","47","89","71","69","10","90","24","10","11","12","72","9","23","Woman",NA,"Bahasa Jawa","Jawa","Islam","Surakarta, Indonesia","Ngawi, Indonesia","3","6","15","77","88","0","0","pianika","1","5","Menarik, karena bisa mengetahui tipe suara orang lain"
"43","2025-05-07 17:17:40","2025-05-07 17:38:03","IP Address","NA","100","1223","True","2025-05-07 17:38:04","R_9lsM4Wof63npUHd",NA,NA,NA,NA,"-6.175","106.8286","anonymous","ID","Yes - I want to continue on to the study questions","R","2","79","71","79","72","16","43","43","47","69","38","46","47","49","74","79","52","27","60","73","41","54","61","82","49","0","membuat saya dan temen temen lebih bisa berinteraksi satu sama lainnya","29","71","71","79","27","66","61","65","64","56","8","51","20","Woman",NA,"bahasa jawa","Jawa","Islam","Solo","Yogyakarta","39","39","30","50","47","3 tahun lebih","sedikit","Gitar","1","33","mungkin cukup menarik dari penelitian ini karena banyak mengambil pelajaran"
"44","2025-05-07 17:10:33","2025-05-07 17:39:20","IP Address","NA","100","1727","True","2025-05-07 17:39:20","R_9Q3GNGm26Iw91sQ",NA,NA,NA,NA,"-6.175","106.8286","anonymous","ID","Yes - I want to continue on to the study questions","R","1","21","96","57","9","98","49","61","11","43","3","2","43","46","2","19","20","59","51","60","19","96","0","56","44","72.24","Mugkin akan menjadi sebuah tulisan menarik dan bermanfaat bagi penelitian selanjutnya","57","100","91","87","47","54","89","45","52","77","93","46","20","Woman",NA,"Bahasa Jawa","Jawa","Islam","Sukoharjo negara Indonesia","Bojonegoro Indonesia","12","51","9","85","48","Belom pernah","Belom pernah","Belom pernahh","9","14","Penelitiannya seru namun saya kurang paham dengan nyaian"
"45","2025-05-07 17:06:40","2025-05-07 17:43:15","IP Address","NA","100","2194","True","2025-05-07 17:43:15","R_933q9j3KKnSWFGr",NA,NA,NA,NA,"-7.7867","110.3816","qr","ID","Yes - I want to continue on to the study questions","R","7","86","49","89","50","19","87","19","17","51","81","52","52","88","90","93","15","81","12","82","52","100","65","98","54","50","Mengetahui sifat dari seseorang. Orang itu mengutamakan keadilan atau tidak. Jika setiap orang adil, maka pembagian dana tersebut akan rata dan adil sesuai dengan kesepakatan tim.","16","100","100","100","15","100","86","93","73","50","81","84","20","Woman",NA,"Bahasa Indonesia","Minang","Islam","Surakarta, Indonesia","Sukoharjo, Indonesia","70","76","51","78","100","6","3","Saya mengikuti ekstrakurikuler paduan suara saat SMP dan SMA. Kemudian, pada saat SD saya mempelajari cara bermain pianika, dan saat SMP saya mulai belajar bermain gitar.","4","87","Penelitian ini sangat menarik"
"46","2025-05-07 20:05:13","2025-05-07 20:40:27","IP Address","NA","100","2113","True","2025-05-07 20:40:28","R_9FUQICMPgba370S",NA,NA,NA,NA,"-7.4702","110.2213","qr","ID","Yes - I want to continue on to the study questions","S","9","72","62","89","83","76","54","53","55","55","83","51","15","89","91","90","51","78","56","78","82","100","50","90","70","50.96","Identifikasi kepercayaan terhadap sesama","14","53","77","69","23","50","91","60","56","41","27","47","20","Woman",NA,"Indonesia","Jawa","Islam","Indonesia","Lamongan, Indonesia","67","49","63","49","94","0","0","0","3","51",NA
"47","2025-05-07 20:23:57","2025-05-07 20:40:31","IP Address","NA","100","993","True","2025-05-07 20:40:31","R_4U66guJCafoxftT",NA,NA,NA,NA,"-7.7818","110.3575","anonymous","ID","Yes - I want to continue on to the study questions","S","1","94","50","100","100","54","9","15","49","20","80","6","13","64","93","9","65","7","27","9","14","98","13","20","12","40.78","belum tau","43","70","100","22","74","9","14","22","25","26","3","9","20","Woman",NA,"indonesia","jawa","islam","indonesia","indonesia","13","11","26","86","100","belum","tidak pernqh","belum","0",NA,"saya suka sayangnya saya sungkan karena kelompoknya bulan teman teman saya"
"48","2025-05-07 20:08:52","2025-05-07 20:40:48","IP Address","NA","100","1915","True","2025-05-07 20:40:48","R_9gI2Z69mtCSwxUD",NA,NA,NA,NA,"-6.175","106.8286","anonymous","ID","Yes - I want to continue on to the study questions","S","3","98","97","100","96","91","98","92","98","85","91","97","97","97","92","94","91","92","96","93","99","100","92","92","91","18.93","Tujuan dari experimen tersebut yaitu untuk menguji suara atau keahlian dalam bervokal dan hasilnya insyaallah akan menarik","97","99","98","97","95","96","98","57","27","20","32","50","20","Woman",NA,"Jawa","Jawa","Islam","Surakarta","Magelang dan Indonesia","59","58","99","97","94","Belum ada","Belum ada","Belum ada","5","23","Dalam penelitian inii sebenarnya seru dan juga asik namun Masi ada rasa canggung dan bingung karena belum melihat yg seharusnya dilakukan dalam penelitian ini"
"49","2025-05-07 20:06:22","2025-05-07 20:40:49","IP Address","NA","100","2066","True","2025-05-07 20:40:49","R_4fkKbspt8zIDNft",NA,NA,NA,NA,"-6.175","106.8286","anonymous","EN","Yes - I want to continue on to the study questions","S","4","87","87","89","89","89","88","86","54","88","45","52","55","52","53","100","99","100","100","51","49","96","99","44","5","42.5","bernyanyi bersama orang yang tidak di kenal, hasilnya seberapa percaya diri orang orang yg ikut inii","41","47","89","47","47","47","100","45","45","51","2","52","20","Woman",NA,"bahasa Indonesia","Jawa","Islam","Surakarta (Solo)","Bekasi, Indonesia","0","0","44","45","3","0","0","0","5","77","tidak ada"
"50","2025-05-07 20:21:09","2025-05-07 20:41:15","IP Address","NA","100","1205","True","2025-05-07 20:41:15","R_9ZTAq1mj3nkOh9S",NA,NA,NA,NA,"-7.7294","110.3891","anonymous","ID","Yes - I want to continue on to the study questions","S","2","56","53","54","54","100","50","52","99","61","100","51","85","100","100","97","50","95","100","100","100","100","65","72","51","53.43","tujuan ekperimen tersebut untuk memudahkan seorang untuk meneliti dan menurut saya akan berjalan dengan lancar","48","72","64","73","66","70","65","70","64","54","57","47","21","Woman",NA,"Bahasa Jawa","Ras Suku Jawa","Islam","Surakarta","Klaten","56","59","58","61","60","4","5","Tidak ada","5","100","tidak memiliki komentar pada peneitian ini"
"51","2025-05-07 20:08:42","2025-05-07 20:41:43","IP Address","NA","100","1981","True","2025-05-07 20:41:43","R_44f3I7mNnQxzuJS",NA,NA,NA,NA,"-7.6095","110.6769","anonymous","ID","Yes - I want to continue on to the study questions","S","10","50","52","100","79","49","70","25","25","25","54","50","36","64","71","81","50","57","73","51","49","100","52","42","51","50.23","Tujuan nya agar mengetahui bagaimana cara orang yang saling tidak mengenal menjadi lebih dekat dengan melakukan suatu aktivitas bersama, hasilnya mungkin akan seperti berapa persentase orang yang mudah berbaur dengan keadaan.","4","61","85","74","58","60","100","71","70","51","80","74","20","Man",NA,"Bahasa Indonesia","Campuran Jawa dan Bali","Islam","Kartasura, Jawa tengah, Indonesia","Sukoharjo, Jawa tengah, Indonesia","21","10","56","32","48","0 tahun","0 tahun","Pianika","0",NA,"Tidak ada"
"52","2025-05-07 20:16:31","2025-05-07 20:41:45","IP Address","NA","100","1513","True","2025-05-07 20:41:45","R_9ff9fjlgDaGPHKV",NA,NA,NA,NA,"-6.175","106.8286","qr","ID","Yes - I want to continue on to the study questions","S","8","2","100","53","49","54","55","59","51","54","52","12","50","100","100","100","100","100","89","90","47","100","100","100","49","49.49","menganalsis mengenai pembicaraan dan nyanyian, hasilnya akan bagus","52","52","100","100","5","95","80","75","8","6","6","7","21","Woman",NA,"Jawa","Jawa","Islam","Surakarta, Jawa tengah Indonesia","Boyolali, Jawa tengah Indonesia","54","7","72","75","50","-","5 bulan","gitar","4","63","tidak ada"
"53","2025-05-07 20:04:33","2025-05-07 20:42:57","IP Address","NA","100","2304","True","2025-05-07 20:42:57","R_4CJULZ2pLnibNTT",NA,NA,NA,NA,"-6.175","106.8286","qr","ID","Yes - I want to continue on to the study questions","S","7","47","47","49","90","91","50","50","4","5","49","8","58","99","53","14","92","51","91","6","47","96","13","51","52","49.64","mengetahui lancar atau tidak nya berbahasa Indonesia, hasilnya akan sesuai ekspektasi","52","95","52","89","55","11","91","53","56","47","12","53","21","Woman",NA,"bahasa jawa","jawa","islam","negara IndonÃ©sia dan kota solo","kota Wonosobo dan negara IndonÃ©sia","4","7","49","93","5","belum pernah","belum pernah","tidak ada","5","100","tidak ada"
"54","2025-05-07 20:22:22","2025-05-07 20:43:30","IP Address","NA","100","1267","True","2025-05-07 20:43:30","R_9rCTbewcDHmLF3P",NA,NA,NA,NA,"-6.175","106.8286","anonymous","ID","Yes - I want to continue on to the study questions","S","5","37","31","48","39","23","50","54","25","28","77","33","24","24","38","38","48","40","36","43","44","36","40","24","32","24.15","Kesenangan dalam bernyanyi","30","82","88","62","73","80","76","50","19","23","14","6","20","Woman",NA,"Sunda","Sunda","Islam","Surakarta Indonesia","Lampung Selatan, Indonesia","33","24","84","86","79","Tidak latihan","Tidak latihan","Pernah berlatih pianika di sekolah","6","44","Keren"
"55","2025-05-07 20:03:54","2025-05-07 20:44:00","IP Address","NA","100","2406","True","2025-05-07 20:44:01","R_9J5aTUfjzy1N7ZI",NA,NA,NA,NA,"-6.175","106.8286","qr","ID","Yes - I want to continue on to the study questions","S","6","100","70","54","62","42","61","55","27","18","54","44","3","35","100","100","98","56","100","93","26","100","49","34","61","50.06","Akan bermanfaat bagi perkembangan bahasa di dunia","0","59","94","95","4","67","96","53","96","36","65","57","21","Woman",NA,"Jawa","Jawa","Islam","Solo, Indonesia","Grobogan, Indonesia","73","76","49","58","100","1 tahun","2 tahun","Gitar, rebab, drum, pianika","0",NA,"Menarik dan sangat memberi kesan yang membuat saya ingin tahu lebih dalam dari tujuan dibuatnya project ini"
"56","2025-05-15 18:04:50","2025-05-15 18:45:18","IP Address","NA","100","2427","True","2025-05-15 18:45:18","R_97kWsZxJJf6j9uQ",NA,NA,NA,NA,"35.6837","139.6805","qr","JA","Yes - I want to continue on to the study questions","R","8","80","71","65","74","80","47","29","44","49","33","28","14","32","40","45","16","47","81","81","85","47","49","36","58","51.08","å…±åŒã§ä½•ã‹ã‚’æˆã—é‚ã’ã‚‹ã“ã¨ã§å¿ƒå¢ƒã®å¤‰åŒ–ã‚’æ„Ÿã˜ã€è¦ªå¯†åº¦ã‚„å¥½æ„Ÿåº¦ã€å…±æ„ŸåŠ›ãªã©ã®ç›¸äº’ã¸ã®æ„Ÿã˜æ–¹ã«ã¤ã„ã¦ã®ç ”ç©¶ã‚’ã™ã‚‹ã“ã¨ã€‚å®Ÿéš›ç§ã¯å°‘ã—è¦ªå¯†åº¦ã‚„å…±æ„Ÿåº¦ã‚’æ„Ÿã˜ãŸã€‚ã‚¢ã‚¤ã‚³ãƒ³ã‚¿ã‚¯ãƒˆãªã©ã§å®Ÿé¨“ã‚’é–‹å§‹ã™ã‚‹ã“ã¨ã§ã€ã¿ã‚“ãªè€ƒãˆã‚‹ã“ã¨ã¯ä¼¼ã¦ã„ã‚‹ãªã¨æ€ã£ãŸã—ï¼Œãã‚Œã«ã‚ˆã‚Šã€ä¸Šæ‰‹ããƒ†ãƒ³ãƒã‚’åˆã‚ã›ã¦","48","72","79","94","18","57","82","85","85","81","69","87","19","Woman",NA,"æ—¥æœ¬èª","æ—¥æœ¬",NA,"æ—¥æœ¬ã€ç¥å¥ˆå·","å¤§é˜ªã€æ—¥æœ¬","27","77","75","69","81","7å¹´é–“","7å¹´é–“","ãƒ”ã‚¢ãƒã€ã‚µãƒƒã‚¯ã‚¹ã€ã‚®ã‚¿ãƒ¼","2","19","æ™®æ®µã‚·ãƒ£ã‚¤ãªè‡ªåˆ†ã ãŒã€ã¿ã‚“ãªã§æ­Œã†ã¨æ¥½ã—ã‹ã£ãŸã€‚"
"57","2025-05-15 18:04:52","2025-05-15 18:45:31","IP Address","NA","100","2438","True","2025-05-15 18:45:31","R_931PM5WlxF2eVZ8",NA,NA,NA,NA,"35.6837","139.6805","qr","JA","Yes - I want to continue on to the study questions","R","1","100","49","67","87","40","74","0","57","57","74","51","19","70","83","71","25","68","100","86","87","100","60","72","67","11.9","æ­Œã‚’ã¿ã‚“ãªã§æ­Œã†ã“ã¨ã§ã©ã‚Œã ã‘çŸ¥ã‚‰ãªã„äººåŒå£«ã®ä¿¡é ¼åº¦ãŒä¸ŠãŒã‚‹ã‹ã©ã†ã‹ã€30%ã»ã©ä¸ŠãŒã‚‹ã¨è€ƒãˆã‚‹","47","40","78","68","3","40","100","63","67","64","45","46","19","Man",NA,"æ—¥æœ¬èª","æ—¥æœ¬äºº","ã‚­ãƒªã‚¹ãƒˆæ•™","æ—¥æœ¬ã€ç¥å¥ˆå·çœŒ","æ—¥æœ¬ã€æ±äº¬","65","18","79","81","84","9å¹´é–“å­¦æ ¡ã§","9å¹´é–“å­¦æ ¡ã§","åˆå”±ã€ãƒªã‚³ãƒ¼ãƒ€ãƒ¼ã€ã‚­ãƒ¼ãƒœãƒ¼ãƒ‰","2","32",NA
"58","2025-05-15 18:04:44","2025-05-15 18:45:51","IP Address","NA","100","2467","True","2025-05-15 18:45:52","R_9e2GTZSIDEhFkjZ",NA,NA,NA,NA,"35.3638","139.4763","qr","JA","Yes - I want to continue on to the study questions","R","9","91","91","73","45","62","54","18","35","14","40","23","0","68","87","66","0","10","75","75","51","100","0","79","52","65.61","è¨€èªã‚„æ­Œã«ã‚ˆã‚‹ãƒãƒ¼ãƒ é–“ã®çµã³ä»˜ãã®åº¦åˆã„ã¯ã©ã†å¤‰åŒ–ã™ã‚‹ã®ã‹ï¼Ÿã‚’ç¢ºã‹ã‚ã‚‹ã®ãŒç›®çš„ã ã¨æ€ã†ã€‚çµæœã¯ä¸€ç·’ã«æœ—èª­ã—ãŸã‚Šæ­Œå”±ã™ã‚‹ã»ã©ã€çµã³ä»˜ããŒå¼·ããªã‚‹ã¨æ€ã†ã€‚","69","87","80","89","11","79","76","85","89","85","15","80","19","Woman",NA,"æ—¥æœ¬èª","æ—¥æœ¬äºº","ãªã—","æ—¥æœ¬ã®ç¥å¥ˆå·çœŒã®æ¹˜å—å°","æ—¥æœ¬ã®æ±äº¬éƒ½","32","85","0","66","100","ãƒ”ã‚¢ãƒã‚’10å¹´é–“","ãƒ”ã‚¢ãƒã‚’10å¹´é–“","ãƒ”ã‚¢ãƒ","1","100",NA
"59","2025-05-15 18:04:51","2025-05-15 18:46:11","IP Address","NA","100","2480","True","2025-05-15 18:46:11","R_9wAnf74qs019745",NA,NA,NA,NA,"35.69","139.69","qr","JA","Yes - I want to continue on to the study questions","R","10","100","64","100","58","9","48","0","0","51","8","0","0","60","73","76","0","0","88","77","69","100","0","56","9","40.13","ã‚ã‹ã‚‰ãªã„","100","83","78","100","0","46","59","64","58","11","20","31","18","Woman",NA,"æ—¥æœ¬èª","æ—¥æœ¬äºº",NA,"æ—¥æœ¬ã€€ç¥å¥ˆå·çœŒè—¤æ²¢å¸‚","æ—¥æœ¬ã€€ç¥å¥ˆå·çœŒè—¤æ²¢å¸‚","57","73",NA,"0","100","9å¹´é–“","9å¹´é–“","ç®","1","100",NA
"60","2025-05-15 18:04:58","2025-05-15 18:47:39","IP Address","NA","100","2561","True","2025-05-15 18:47:40","R_9oJJXVkfE3A4Rz3",NA,NA,NA,NA,"35.7075","139.7007","qr","JA","Yes - I want to continue on to the study questions","R","2","86","91","96","65","0","8","6","4","9","24","36","28","91","100","100","0","21","100","100","73","100","23","0","85","100","ä»–äººã‹ã‚‰è¦ªã—ã„é–“æŸ„ã«ãªã‚‹ã¾ã§ã®å¿ƒå¢ƒå¤‰åŒ–ã€‚ã“ã®å–ã‚Šçµ„ã¿ã«ã‚ˆã£ã¦ã€ã¿ã‚“ãªã¨ä»²è‰¯ããªã‚‹ã“ã¨ãŒã§ãã‚‹ã¨è€ƒãˆã‚‹ã€‚","28","80","100","100","0","11","81","79","90","41","42","89","18","Man",NA,"æ—¥æœ¬","é»„è‰²äººç¨®",NA,"æ¹˜å—ã€æ—¥æœ¬","æ±äº¬ã€æ—¥æœ¬","98","100",NA,"100","100","ãƒ”ã‚¢ãƒã‚’4æ­³ã‹ã‚‰4å¹´é–“ã€ãƒˆãƒ©ãƒ³ãƒšãƒƒãƒˆã‚’16æ­³ã‹ã‚‰3å¹´é–“ã€ãƒ™ãƒ¼ã‚¹ã‚’18æ­³ã‹ã‚‰åŠå¹´ã»ã©ç¿’ã£ã¦ã„ã‚‹ã€‚",NA,"ãƒ”ã‚¢ãƒã€ãƒˆãƒ©ãƒ³ãƒšãƒƒãƒˆã€ã‚®ã‚¿ãƒ¼","1","38","ã¨ã¦ã‚‚æ¥½ã—ã‹ã£ãŸã§ã™ï¼"
"61","2025-05-15 19:06:58","2025-05-15 19:36:59","IP Address","NA","100","1800","True","2025-05-15 19:37:00","R_9ypTb3AfEx7QV12",NA,NA,NA,NA,"35.6837","139.6805","qr","JA","Yes - I want to continue on to the study questions","C","9","50","43","100","4","15","4","6","27","10","65","30","3","46","91","60","2","6","99","21","22","100","3","73","56","20.26","äººã®ä¿¡é ¼é–¢ä¿‚ã¨äººå‰ã§æ­Œã†ã“ã¨ã®é–¢é€£ã€€ã‚°ãƒ«ãƒ¼ãƒ—ã®ç©ºæ°—ãŒè‰¯ã„ã®ã§è‰¯ã„çµæœãŒã§ã‚‹ã¨ãŠã‚‚ã„ã¾ã™ã€‚","41","76","100","96","8","44","100","72","72","51","41","74","19","Woman",NA,"æ—¥æœ¬èª","æ—¥æœ¬",NA,"ç¥å¥ˆå·çœŒã€€æ—¥æœ¬","ç§‹ç”°çœŒã€€æ—¥æœ¬","6","9","65","100","100","0å¹´","0å¹´",NA,"0",NA,"æ¥½ã—ã‹ã£ãŸã§ã™ï¼"
"62","2025-05-15 19:06:10","2025-05-15 19:37:05","IP Address","NA","100","1855","True","2025-05-15 19:37:06","R_9ZIDrVG1fvuYnHK",NA,NA,NA,NA,"35.69","139.69","qr","JA","Yes - I want to continue on to the study questions","C","5","100","48","74","21","4","27","37","0","39","10","78","0","69","80","69","44","29","100","52","20","100","43","86","55","20.27","è©±ã™å‰ã¨å¾Œã§ã‚°ãƒ«ãƒ¼ãƒ—å†…ã®è¦ªå¯†ã•ã®èªè­˜ã®å¤‰åŒ–ã€‚ã¾ãŸã€æ­Œã‚’ã¿ã‚“ãªã§æ­Œã£ãŸå‰å¾Œã§è¦ªå¯†ã•ã®èªè­˜ã«å¤‰åŒ–ã¯ã‚ã‚‹ã®ã‹ã‚’ã¿ã‚‹ã€‚å®Ÿé¨“ãŒprogressã—ã¦ã„ã‘ã°è¡Œãã»ã©è¦ªå¯†ã•ã®èªè­˜ã¯ä¸ŠãŒã‚‹ã¨æ€ã†","51","54","74","76","66","30","83","52","46","32","62","55","19","Man",NA,"æ—¥æœ¬èª","æ—¥æœ¬äºº",NA,"æ—¥æœ¬ã€€ç¥å¥ˆå·çœŒè—¤æ²¢å¸‚","æ—¥æœ¬ã€€æ±äº¬","75","83","64","59","14","10å¹´","10å¹´","ãƒã‚¤ã‚ªãƒªãƒ³","1","21",NA
"63","2025-05-15 19:06:04","2025-05-15 19:37:11","IP Address","NA","100","1866","True","2025-05-15 19:37:11","R_4Bb2HGiDGrTpEDb",NA,NA,NA,NA,"35.3638","139.4763","qr","JA","Yes - I want to continue on to the study questions","C","6","73","92","100","35","55","7","10","32","38","73","56","54","72","78","58","13","32","56","34","54","100","42","64","65","70.06","çŸ¥ã‚‰ãªã„äººé–“ã¨ä¼šè©±ã‚’é€šã—ã¦è·é›¢ã‚’ç¸®ã‚ã‚‹ã“ã¨ã§ã©ã‚Œã»ã©ãã®äººã®å£°ã«å½±éŸ¿ãŒå‡ºã‚‹ã‹è¦‹ã‚‹ã“ã¨ã€‚å£°ã‹ã‚‰ãã®äººã®æ„Ÿæƒ…ãŒã‚ã‚‹ç¨‹åº¦èª­ã¿å–ã‚Œã‚‹ã€‚","91","75","75","87","12","54","67","85","90","50","28","68","19","Woman",NA,"æ—¥æœ¬èª","æ—¥æœ¬äºº","ãªã—","æ—¥æœ¬ã€è—¤æ²¢","æ—¥æœ¬ã€ç†Šæœ¬","66","68","14","16","75","6å¹´","6å¹´","ãƒ‰ãƒ©ãƒ ","1","100","ãªã—"
"64","2025-05-15 19:07:04","2025-05-15 19:37:34","IP Address","NA","100","1830","True","2025-05-15 19:37:35","R_9ja1sd7BbB7OgjT",NA,NA,NA,NA,"35.5602","139.2397","qr","JA","Yes - I want to continue on to the study questions","C","8","52","22","76","14","19","44","0","0","0","82","17","0","78","77","56","11","32","95","51","29","100","51","28","39","50","åˆå¯¾é¢ã®é›†å›£ã®ä¸­ã§é›†å›£æ„è­˜ã‚’é†¸æˆã—ã€ãƒªãƒ©ãƒƒã‚¯ã‚¹ã•ã›ãŸä¸Šã§æ­Œã‚’æ­Œã†ã“ã¨ã§ã€æ­Œã‚’æ­Œã†ã“ã¨ã¸ã®ãƒã‚¸ãƒ†ã‚£ãƒ–ãªæ„è­˜ãŒå‘ä¸Šã™ã‚‹ã‹å¦ã‹ã‚’æ¸¬ã‚‹ã€‚å‘ä¸Šã™ã‚‹ã¨äºˆæƒ³ã™ã‚‹ã€‚","77","91","100","80","57","61","100","80","41","25","17","52","20","Woman",NA,"æ—¥æœ¬èª","æ—¥æœ¬äºº","ãªã—","æ—¥æœ¬ã€€ç¥å¥ˆå·çœŒè—¤æ²¢å¸‚","æ—¥æœ¬ã€€å…µåº«çœŒç¥æˆ¸å¸‚","26","46","83","36","55","ãƒ”ã‚¢ãƒã‚’5å¹´",NA,"ãƒ”ã‚¢ãƒ","0",NA,"æ¥½ã—ã‹ã£ãŸã§ã™ç¬‘"
"65","2025-05-15 19:07:01","2025-05-15 19:38:46","IP Address","NA","100","1905","True","2025-05-15 19:38:47","R_9k0Y1VH9FiPaGY1",NA,NA,NA,NA,"35.3638","139.4763","qr","JA","Yes - I want to continue on to the study questions","C","7","75","50","76","25","24","24","24","22","20","73","11","9","79","78","80","16","17","100","76","24","100","71","52","52",NA,"ä»–äººã¨ã‚³ãƒŸãƒ¥ãƒ‹ã‚±ãƒ¼ã‚·ãƒ§ãƒ³ã‚’ã¨ã‚‹äº‹ã«ã‚ˆã£ã¦ã€è¦ªå¯†åº¦ãŒã©ã®ç¨‹åº¦ä¸ŠãŒã‚‹ã‹ã‚’èª¿ã¹ã‚‹ç›®çš„ã ã¨æ€ã†ã€‚ãã—ã¦çµæœã¯ä¸ŠãŒã‚‹ã¨æ€ã†ã€‚","11","51","70","53","9","10","100","69","14","15","33","20","18","Woman",NA,"æ—¥æœ¬èª","æ—¥æœ¬äºº",NA,"æ—¥æœ¬ã®æ¹˜å—","æ—¥æœ¬ã®æ±äº¬","18","50","16","17","70","7å¹´é–“","7å¹´é–“","ã‚ªãƒ¼ãƒœã‚¨","0",NA,"èˆˆå‘³ãŒã‚ã‚‹ã®ã§ç ”ç©¶çµæœãŒå‡ºãŸã‚‰æ•™ãˆã¦ã„ãŸã ããŸã„ã§ã™ï¼"
"66","2025-05-15 20:03:33","2025-05-15 20:34:34","IP Address","NA","100","1860","True","2025-05-15 20:34:34","R_9HYqy6HHXXREaNJ",NA,NA,NA,NA,"35.6837","139.6805","qr","JA","Yes - I want to continue on to the study questions","S","8","100","8","63","0","22","9","28","0","47","23","8","0","61","100","49","6","8","100","47","48","100","50","0","27","18.01","æœ¬æ¥èµ¤ã®ä»–äººã§ã‚ã‚‹åŒã˜æ°‘æ—åŒå£«ã¯ãã®æ°‘æ—ã«è¦ªã—ã¿ã®ã‚ã‚‹æ­Œã‚’æ­Œã†ã“ã¨ã«ã‚ˆã£ã¦ã€ä¿¡é ¼é–¢ä¿‚ã‚„å›£çµåŠ›ãªã©ã®çµã³ã¤ããŒç„¡æ„è­˜ã®ã†ã¡ã«å¼·ã¾ã‚‹ã“ã¨ã‚’ç¤ºã™ãŸã‚ã€‚å®Ÿéš›ã€å¼·ã¾ã‚‹ã¨ã„ã†çµæœãŒå‡ºã‚‹ã¨æ€ã†ã€‚","21","79","100","50","0","48","99","48","52","33","63","52","19","Woman",NA,"æ—¥æœ¬èª","æ—¥æœ¬äººã€å±±å½¢çœŒæ°‘",NA,"ç¥å¥ˆå·çœŒè—¤æ²¢å¸‚æ—¥æœ¬","å±±å½¢å¸‚ã€€æ—¥æœ¬","71","75","21","21",NA,"8","8","ãƒ”ã‚¢ãƒ","0",NA,"æ­£ç›´ã€æœ€åˆã¯ä¹—ã‚Šæ°—ã˜ã‚ƒãªã‹ã£ãŸã—ã¤ã¾ã‚“ãªãã†ã ã¨ãŠã‚‚ã£ãŸã—ã€ãŠé‡‘ç›®çš„ã§æ¥ãŸã‘ã©ã€æ¥½ã—ã‹ã£ãŸ"
"67","2025-05-15 20:03:04","2025-05-15 20:35:02","IP Address","NA","100","1918","True","2025-05-15 20:35:03","R_4AT9t7hBZYZWyMF",NA,NA,NA,NA,"35.69","139.69","qr","JA","Yes - I want to continue on to the study questions","S","2","0","17","100","17","100","0","0","3","24","100","3","82","100","100","100","27","86","100","100","69","100","30","100","82","63.67","éŸ³æ¥½ã‚’å…±ã«æ­Œã†ã“ã¨ã§ã€å…±åŒä½“ã¨ã—ã¦ã®æ„è­˜ã‚’é«˜ã‚ã€æ„è­˜å¤‰å®¹ã€ã¾ãŸã¯è¡Œå‹•å¤‰å®¹ãŒç™ºç”Ÿã™ã‚‹å¯èƒ½æ€§ã‚’èª¿æŸ»ã™ã‚‹ç›®çš„ã€‚çµæœã¯å…±åŒä½“ã¨ã—ã¦ã®æ„è­˜ã¯ç™ºç”Ÿã™ã‚‹ã¨è€ƒãˆã‚‹ã€‚","0","100","100","100","100","77","100","100","100","100","100","100","19","Man",NA,"æ—¥æœ¬èª","é»„è‰²äººç¨®",NA,"æ—¥æœ¬ã®ç¥å¥ˆå·çœŒè—¤æ²¢å¸‚","æ—¥æœ¬ã®äº¬éƒ½åºœäº¬éƒ½å¸‚","0","0","0","60","100","6å¹´é–“","6å¹´é–“","éµç›¤ãƒãƒ¼ãƒ¢ãƒ‹ã‚«ã€ãƒªã‚³ãƒ¼ãƒ€ãƒ¼","1","100","ã¨ã¦ã‚‚æ¥½ã—ã‹ã£ãŸã§ã™"
"68","2025-05-15 20:03:05","2025-05-15 20:35:07","IP Address","NA","100","1921","True","2025-05-15 20:35:07","R_4lt2T70bZaw0943",NA,NA,NA,NA,"35.3638","139.4763","qr","JA","Yes - I want to continue on to the study questions","S","10","93","93","94","59","28","40","40","24","37","38","34","55","100","100","97","35","54","92","98","54","100","53","48","77","60.45","æ±äº¬éŸ³é ­ã¨ã„ã†æ°‘è¬¡ã‚’é›†å›£ã§æ­Œã†äº‹ã§ã€äººé–“çš„å›£çµåŠ›ã‚„ã‚³ãƒŸãƒ¥ãƒ‹ãƒ†ã‚£ãŒç”Ÿã¾ã‚Œã‚‹ã®ã‹ã‚’çŸ¥ã‚‹ç›®çš„ã§ã€çµæœã¯å°‘ã—å›£çµåŠ›ã‚„ã‚³ãƒŸãƒ¥ãƒ‹ãƒ†ã‚£å½¢æˆãŒç”Ÿã¾ã‚Œã‚‹ã¨è€ƒãˆã‚‹ã€‚","45","95","96","98","28","45","100","42","61","47","100","100",NA,"Man",NA,"æ—¥æœ¬èª","å¤§å’Œæ°‘æ—","ç„¡å®—æ•™","æ±äº¬ã€€æ—¥æœ¬","æ±äº¬ã€€æ—¥æœ¬","93","100","100","80","100","1å¹´é–“","1å¹´é–“","ãƒ”ã‚¢ãƒ","0",NA,"ã¨ã¦ã‚‚æ¥½ã—ã‹ã£ãŸã§ã™ï¼"
"69","2025-05-15 20:03:06","2025-05-15 20:35:27","IP Address","NA","100","1941","True","2025-05-15 20:35:27","R_4hApiLPJP7j7CG7",NA,NA,NA,NA,"35.3638","139.4763","qr","JA","Yes - I want to continue on to the study questions","S","9","91","49","65","24","20","0","4","9","7","60","8","60","40","80","63","11","9","73","35","14","100","16","72","21","30.25","æ­Œã†ã“ã¨ã«ã‚ˆã£ã¦ä¸€ä½“æ„Ÿã¯ç”Ÿã¾ã‚Œã‚‹ã®ã‹ã€‚å°‘ã—ç”Ÿã¾ã‚Œã‚‹ã€‚","60","53","87","67","18","8","41","55","58","40","86","37","18","Woman",NA,"æ—¥æœ¬èª","æ—¥æœ¬äºº",NA,"æ—¥æœ¬ç¥å¥ˆå·çœŒè—¤æ²¢å¸‚","æ—¥æœ¬æ„›çŸ¥çœŒç€¬æˆ¸å¸‚","23","64","63","84","92","8å¹´","8å¹´","ãƒ”ã‚¢ãƒã€ã‚¨ãƒ¬ã‚¯ãƒˆãƒ¼ãƒ³","1","100",NA
"70","2025-05-15 20:03:08","2025-05-15 20:35:38","IP Address","NA","100","1950","True","2025-05-15 20:35:38","R_4Q0Ls8YuCUKLNa3",NA,NA,NA,NA,"35.69","139.69","qr","JA","Yes - I want to continue on to the study questions","S","1","63","41","64","0","21","0","13","0","0","49","24","20","50","100","49","0","1","0","23","75","100","26","100","42","50","éŸ³æ¥½ã‚’å…±ã«æ­Œã†ã“ã¨ã«ã‚ˆã‚‹å›£çµãŒã©ã®æ§˜ã«åƒãã‹ã€‚çµæœã¯ã€ä¸€æ›²ã§ã¯å°‘ã—ã®å½±éŸ¿ã—ã‹ã‚‚ãŸã‚‰ã•ãªã„ã¨è€ƒãˆã‚‹ã€‚","0","69","100","76","0","52","29","69","68","57","82","60",NA,"Man",NA,"æ—¥æœ¬èª","æ—¥æœ¬äºº","ä»æ•™ã€ç¥é“","æ—¥æœ¬ã€ç¥å¥ˆå·çœŒè—¤æ²¢å¸‚é è—¤","æ—¥æœ¬ã€æ±äº¬éƒ½æ¸¯åŒº","0","62","100","73","72","6å¹´é–“","6å¹´é–“","ãƒ”ã‚¢ãƒã€ãƒ´ã‚¡ã‚¤ã‚ªãƒªãƒ³","1","60",NA
"71","2025-05-15 22:01:19","2025-05-15 22:30:37","IP Address","NA","100","1757","True","2025-05-15 22:30:37","R_8Xjs46HOrpoiP4x",NA,NA,NA,NA,"46.7656","23.5945","qr","RO","Yes - I want to continue on to the study questions","S","4","55","80","100","42","17","55","12","10","21","41","9","8","72","25","10","10","59","85","92","1","100","1","1","17","20.87","Scopul sa creasca coliziunea de grup si poate sa ne modifice perceptia asupra procentului cu care am contribui la grup","1","42","57","5","1","14","100","71","0","8","0","3","32","Woman",NA,"Romana","roman","Ortodoxa","Cluj-Napoca","Cluj-Napoca","0","0","100","32","5","0","0","Niciunul","1","9","Nu"
"72","2025-05-15 21:59:53","2025-05-15 22:30:49","IP Address","NA","100","1856","True","2025-05-15 22:30:50","R_22QIfCYD39pIIHI",NA,NA,NA,NA,"46.7656","23.5945","qr","RO","Yes - I want to continue on to the study questions","S","5","64","15","62","27","80","18","25","0","19","68","16","10","33","66","35","0","14","26","57","15","100","13","56","28","25.16","Sa vedem daca muzica ne uneste, folosindu ne vocile in unison si daca creste nivelul de incredere in ceilalti. Logic ca nestiindu-ne si asta fiind prima interactiune rezultatul nu va putea fi unul concludent deoarece eu consider ca muzica intareste relatiile, nu le formeaza, mai ales intr un spatiu de experiment controlat, cu camere si microfoane.","2","22","70","21","24","23","100","82","0","0","12","24","21","Man",NA,"Romana","Roman","Crestin","Cluj-Napoca","Cluj-Napoca","68","65","73","74","12","0","2","Chitara","1","28","tare initiativa"
"73","2025-05-15 22:04:28","2025-05-15 22:30:57","IP Address","NA","100","1589","True","2025-05-15 22:30:58","R_2lwVHOswfsuEpGx",NA,NA,NA,NA,"46.7656","23.5945","qr","RO","Yes - I want to continue on to the study questions","S","3","47","4","47","0","56","0","39","0","0","52","0","1","1","1","1","69","33","100","72","3","99","7","7","4","50.96","SÄƒ se vadÄƒ dacÄƒ muzica ne aduce Ã®mpreunÄƒ È™i dacÄƒ ne face sÄƒ ne conectÄƒm.  Cred ca vor fi rezultate negative","1","2","33","10","19","50","4","26","3","2","2","18","26","Woman",NA,"MaghiarÄƒ","Maghiari","Adventisti","Cluj napoca RomÃ¢nia","Satu mare RomÃ¢nia","4","5","6","2","91","0","8","Pian","1","30","Nu cunosc È™i nu Ã®mi place cÃ¢ntecul ca urmare nu ma pot entuziasma pentru experiment"
"74","2025-05-15 22:00:00","2025-05-15 22:31:50","IP Address","NA","100","1910","True","2025-05-15 22:31:51","R_2wIJjgzq7EH4acN",NA,NA,NA,NA,"46.7656","23.5945","qr","RO","Yes - I want to continue on to the study questions","S","1","53","91","100","56","40","59","4","2","45","93","50","2","74","100","52","6","50","74","84","8","100","50","3","50","100","Evaluare respectare sarcini fÄƒrÄƒ instrucÈ›iuni umane, colaborare Ã®ntre participanÈ›i pe o sarcinÄƒ ce poate fi stÃ¢njenitoare, evaluarea conexiunii interumane intrebpartivipanti ce nu se cunosc Ã®naintea activitÄƒÈ›ii È™i dupÄƒ activitate. Nu È™tiu la ce rezultate sÄƒ mÄƒ astept","8","49","89","65","5","50","50","51","8","49","5","50","30","Woman",NA,"Romana","Roman","Sunt botezat creÈ™tin ortodox, dar nu mÄƒ declar ortodox. Sunt a religioasÄƒ. Pentru mine religia este doar istorie È™i o poveste pentru ca oamenii sÄƒ poatÄƒ fi â€œghidaÈ›iâ€, iar pentru cei ce au nevoie, sÄƒ le cultive speranÈ›a.","Cluj-Napoca","Gherla","52","8","98","98","92","Deloc, 0","0","Nu cant la instrumente","0",NA,"Mi-a plÄƒcut sa particip"
"75","2025-05-15 22:00:32","2025-05-15 22:32:19","IP Address","NA","100","1907","True","2025-05-15 22:32:20","R_2HkjFlDWmQ8Ek3a",NA,NA,NA,NA,"46.7656","23.5945","qr","RO","Yes - I want to continue on to the study questions","S","6","15","68","67","34","13","27","15","11","10","52","32","11","48","58","61","5","41","58","58","58","100","53","60","66","99.68","Coeziunea de grup Ã®n activitÄƒÈ›ile de grup muzicale","8","62","71","77","2","76","98","100","79","73","81","77","54","Woman",NA,"RomÃ¢nÄƒ","Caucazian alb","Nu","Cluj, Romania","Cluj Napoca, Romania","18","8","57","61","14","Nu","Nu","Nu","2","35","Relevant"
"76","2025-05-15 22:00:06","2025-05-15 22:32:39","IP Address","NA","100","1953","True","2025-05-15 22:32:40","R_8lPUluwWuNBedYe",NA,NA,NA,NA,"46.7656","23.5945","qr","RO","Yes - I want to continue on to the study questions","S","7","72","49","80","50","63","38","61","16","49","73","27","6","48","77","51","38","51","39","73","51","100","55","22","25","46.96","Scopul experimentului este de a vedea cum vor interacÈ›iona un grup de personale aleatorii Ã®ntr-un context musical cÃ¢t È™i dacÄƒ contextul poate crea o stare de apropiere È™i Ã®nÈ›elegere mai mare intre persoanele care cÃ¢nta Ã®mpreuna, iar rezultatele consider ce vor susÈ›ine aceasta ipoteza dar avÃ¢nd o relevantÄƒ statistica relativ scÄƒzutÄƒ","8","70","93","56","40","58","76","36","9","50","7","36",NA,"Man",NA,"RomÃ¢na","European","Botezat ortodox dar nu ma afiliez cu niciun grup","Romanaia, Cluj-Napoca","RomÃ¢nia, Brasov","24","20","100","100","80","Nu am avut pregÄƒtire formala","Nu am avut pregÄƒtire formala","Nu am fost instruit pe niciun instrument muzical","1","92",NA
"77","2025-05-15 23:03:38","2025-05-15 23:30:38","IP Address","NA","100","1620","True","2025-05-15 23:30:39","R_8FnRVMRJHRYzo87",NA,NA,NA,NA,"46.7656","23.5945","qr","RO","Yes - I want to continue on to the study questions","R","6","52","45","86","57","35","52","82","18","48","88","52","11","77","85","64","3","48","100","85","58","100","53","50","52","19.57","Sincronizarea cu ceilalÈ›i. Bune?","25","80","79","71","4","44","100","90","54","50","41","58",NA,"Man",NA,"RomÃ¢nÄƒ","RomÃ¢ni","CreÈ™tin Ortodox","Cluj-Napoca Romania","Suceava Romania","34","27","100","86","43","0","1 È™i 6 luni","ChitarÄƒ","0",NA,"Nimic"
"78","2025-05-15 23:01:12","2025-05-15 23:30:43","IP Address","NA","100","1771","True","2025-05-15 23:30:44","R_8z78Jalhxj5KpMF",NA,NA,NA,NA,"46.7656","23.5945","qr","RO","Yes - I want to continue on to the study questions","R","1","75","48","100","50","37","47","0","0","0","100","8","0","48","49","100","22","0","100","72","0","100","0","100","9","50.16","Cred ca are legatura cu sincronizarea si legaturile de grup","48","50","51","100","63","53","100","60","0","0","100","11","18","Woman",NA,"Romana","Ucrainean","Crestin ortodox","Cluj Napoca","Borsa, Romania","0",NA,"12",NA,NA,"0","1","Orga","1","32","nu"
"79","2025-05-15 23:08:10","2025-05-15 23:30:49","IP Address","NA","100","1358","True","2025-05-15 23:30:49","R_2rloCLOuzQz2b42",NA,NA,NA,NA,"46.7656","23.5945","qr","RO","Yes - I want to continue on to the study questions","R","2","24","7","93","14","93","23","15","17","15","64","50","0","44","51","13","7","81","37","92","3","100","11","28","39","1.71","DepÄƒÈ™irea disconfortului de moment È™i sincronizarea ca echipÄƒ.","30","31","68","52","31","73","75","72","35","45","70","56","24","Man",NA,"RomÃ¢nÄƒ","RomÃ¢n","Ortodoxa","Cluj-Napoca","Cluj-Napoca","16","6","100","100","34","0","3","Pian","0",NA,"Nu"
"80","2025-05-15 23:00:55","2025-05-15 23:31:23","IP Address","NA","100","1827","True","2025-05-15 23:31:24","R_8UvfF7dWWh0icY9",NA,NA,NA,NA,"46.7656","23.5945","qr","RO","Yes - I want to continue on to the study questions","R","3","75","56","92","60","0","15","9","8","23","60","26","4","19","30","25","0","16","87","36","5","100","11","79","23","60.11","Munca Ã®n echipÄƒ, sincronizarea Ã®ntre oameni care nu se cunosc, contribuÈ›ia fiecÄƒruia, rolurile care se creeazÄƒ Ã®n mod organic intra-grup","38","33","56","77","22","33","45","30","19","21","44","42","21","Woman",NA,"MaghiarÄƒ",NA,"ReformaÈ›i","RomÃ¢nia, Cluj-Napoca","RomÃ¢nia, LuduÈ™","36","58","16","0","95","7 ani","4 ani","Pian","0",NA,"Nu"
"81","2025-05-15 23:01:06","2025-05-15 23:31:25","IP Address","NA","100","1818","True","2025-05-15 23:31:26","R_8zC6w288peRlhnR",NA,NA,NA,NA,"46.7656","23.5945","qr","RO","Yes - I want to continue on to the study questions","R","4","2","16","100","19","100","25","4","7","10","91","7","4","57","2","40","46","26","93","77","0","46","8","58","27","25.97","Sa ne â€œapropiem de resrul participantiilor cu ajutorul unei sarcini comune, iar rezultatele vor arata ca prin vocalizare, se poate credte nicelul de Ã®ncredere","10","46","13","47","42","12","98","99","3","11","12","38","19","Woman",NA,"Romana","Romani","greco-catolici","Cluj Napoca, Romania","Orade, Romania","1",NA,"100","46","44","0","0","niciunul","2","68","nu"
"82","2025-05-15 23:03:18","2025-05-15 23:31:34","IP Address","NA","100","1695","True","2025-05-15 23:31:35","R_2riqCLh5uUQUQh7",NA,NA,NA,NA,"44.4291","26.1006","qr","RO","Yes - I want to continue on to the study questions","R","8","72","3","93","1","1","2","3","3","3","100","8","1","1","32","49","5","3","100","100","3","100","1","100","13","0","Cred ca scopul experimentului e sa demonstreze ca prin muzica in sine, nu prin construirea unei echipe sau indeplinirea unor sarcini comune, la final ne vom simti mult mai conectati ca si grup si apropiati/asemanatori cu restul. Cred ca dupa ce vom canta impreuna cantecul ne vom simti toti intr un alt sens mai apropiat ca o echipa.","0","28","99","89","2","13","100","100","8","10","100","52",NA,"Woman",NA,"RomÃ¢nÄƒ","romÃ¢n","Ortodox","Cluj-Napoca, RomÃ¢nia","Cluj-Napoca, RomÃ¢nia","100","100","100","12","100","10","0","-","1","15","Nu"
"83","2025-05-15 23:03:40","2025-05-15 23:32:10","IP Address","NA","100","1709","True","2025-05-15 23:32:10","R_2Of4OFxEG9YXzyj",NA,NA,NA,NA,"46.7656","23.5945","qr","RO","Yes - I want to continue on to the study questions","R","7","78","57","100","58","45","40","23","43","39","100","60","8","82","84","70","11","57","65","53","37","100","68","100","73","60.15","cÃ¢t de mult putem lucra Ã®n echipÄƒ, ca un grup È™i nu ca o individualitate","11","84","85","96","13","90","77","46","62","33","47","73","19","Woman",NA,"romÃ¢nÄƒ","romÃ¢nÄƒ","creÈ™tin ortodox","Cluj-Napoca (RomÃ¢nia)","BrÄƒila (RomÃ¢nia)","44","54","99","98","47","0","4","vioarÄƒ","3","100",NA
"84","2025-05-15 22:48:54","2025-05-15 23:32:32","IP Address","NA","100","2618","True","2025-05-15 23:32:33","R_8IllvlUAuGBtcvT",NA,NA,NA,NA,"46.7656","23.5945","qr","RO","Yes - I want to continue on to the study questions","R","9","100","100","47","51","5","35","27","0","28","71","9","5","100","83","86","65","43","100","100","31","100","34","0","35","52.55","Cred ca scopul este sa vedem daca a citi versuri impreuna/a cÃ¢nta impreuna contribuie la sentimentul de coeziune a grupului. Cred ca rezultatele vor fi pozitive.","24","72","72","92","61","42","100","70","39","30","51","51","23","Woman",NA,"RomÃ¢nÄƒ","RomÃ¢n","OrtodoxÄƒ","RomÃ¢nia","RomÃ¢nia","100","100","100","68","100","20","0","Nu.","1","6","E foarte interesant È™i sunt curioasÄƒ de rezultate :))) È™i felicitÄƒri!ğŸ¤"
"85","2025-05-15 23:01:16","2025-05-15 23:33:45","IP Address","NA","100","1949","True","2025-05-15 23:33:45","R_2f0szQ1m9vTaKqd",NA,NA,NA,NA,"46.7656","23.5945","qr","RO","Yes - I want to continue on to the study questions","R","5","76","37","76","48","56","81","18","0","20","49","13","0","51","41","62","36","77","97","96","3","100","14","6","13","40.54","Ca recitarea in grup a versurilor sa creeze un sentiment de comunitate sau apropiere mai mare decat cel dinaintea realizarii sarcinii. Cred ca rezultatele indica o schimbare in acest sens, dar minimala","11","0","71","54","26","68","73","68","4","71","79","21","19","Woman",NA,"RomÃ¢nÄƒ","albi/caucazieni","creÈ™tini","Cluj-Napoca, RomÃ¢nia","BotoÈ™ani, RomÃ¢nia","76","92","90","48","87","5","0","Niciunul","2","16","E puÈ›in bizarÄƒ lipsa contactului uman cu un operator"
"86","2025-05-16 00:19:27","2025-05-16 00:31:31","IP Address","NA","100","724","True","2025-05-16 00:31:32","R_9HisrzuPHLwjcfK",NA,NA,NA,NA,"28.6327","77.2198","qr","EN","Yes - I want to continue on to the study questions","C","4","100","51","100","78","51","93","54","56","74","100","60","8","54","82","87","31","88","97","86","50","100","100","83","57","0","Results will vart. But the study was more about knowing yourself well.","75","100","65","73","77","70","71","80","68","75","69","60","24","Woman",NA,"Marathi","Indian",NA,"India - Delhi","India - indore","0","66","48","100","55","0","0","0","3","36","A good study"
"87","2025-05-16 00:19:39","2025-05-16 00:51:39","IP Address","NA","100","1920","True","2025-05-16 00:51:40","R_9vFGjNvy4KLItGx",NA,NA,NA,NA,"26.4631","80.3479","qr","EN","Yes - I want to continue on to the study questions","C","2","68","4","100","22","71","37","11","2","25","61","36","10","30","57","35","33","46","71","25","14","100","43","31","44","70.6","To see if you can at all build trust between strangers after a short conversation. I believe that most people in my group would have contributed over 50% of their payment.","40","30","48","54","30","39","40","25","4","27","11","48","28","Man",NA,"Marathi, Hindi","Indian","Hindu","New Delhi, India","New Delhi, India","2","71","25","8","8","2","2","Tabla","1","15","No"
"88","2025-05-16 00:20:02","2025-05-16 00:52:40","IP Address","NA","100","1957","True","2025-05-16 00:52:40","R_9Npdt7Wdx7tdXKV",NA,NA,NA,NA,"28.6327","77.2198","qr","EN","Yes - I want to continue on to the study questions","C","7","37","50","63","61","56","57","59","53","43","44","35","24","82","100","83","4","39","70","49","70","80","22","3","99","80.93","I think the goal of the experiment is being frank with stranger bein friendly with other people's and the result of this is to much impressive i think","16","100","100","100","18","62","100","48","53","72","33","100",NA,"Man",NA,"Hindi",NA,"Hindu","Delhi, India","Delhi, India","19","32","90","100","21","1","1","Harmonium","1","59","No"
"89","2025-05-16 00:19:33","2025-05-16 00:52:40","IP Address","NA","100","1986","True","2025-05-16 00:52:40","R_4VzksqFle9AG2A1",NA,NA,NA,NA,"28.6542","77.2373","qr","EN","Yes - I want to continue on to the study questions","C","1","84","82","100","100","23","26","13","19","19","100","55","11","94","100","100","0","22","100","64","69","100","62","76","70","19.9","To start an initial conversation, I am not sure what the result will be.","16","100","100","100","16","100","87","71","100","49","95","87","29","Man",NA,"Hindi","Hindu","Hindu","Delhi, India","Muzaffarnagar, Uttar Pradesh, India","25","80","100","100","23","3","3","Harmonium, Acoustic Guitar","0",NA,"It was fun, got to sing in a group sober after a long time."
"90","2025-05-16 00:33:45","2025-05-16 00:57:02","IP Address","NA","100","1396","True","2025-05-16 00:57:02","R_4NftjyMfPnnxJbT",NA,NA,NA,NA,"28.6327","77.2198","qr","EN","Yes - I want to continue on to the study questions","C","6","27","22","32","33","63","37","30","33","32","32","36","7","96","12","40","51","73","54","84","52","55","84","70","69","15.93","We can trust everyone and we can develop confidence level","60","75","73","81","75","64","71","61","75","36","60","40","18","Other (please describe, e.g., ""non-binary"")",NA,"Hindi",NA,"Hinduism","Delhi","Bihar","60","54","50","52","59",NA,NA,NA,"1","59",NA
"91","2025-05-16 00:25:16","2025-05-16 01:01:20","IP Address","NA","100","2163","True","2025-05-16 01:01:20","R_9Nk1V9sHYPWLCML",NA,NA,NA,NA,"28.6327","77.2198","qr","EN","Yes - I want to continue on to the study questions","C","5","44","61","59","55","0","60","0","51","46","47","42","0","54","76","47","66","75","83","57","74","99","75","57","52","50.89",NA,"0","54","67","90","0","96","95","56","95","93","0","100","57","Woman",NA,"Hindi","_","Indian","Delhi","Delhi, India","0","54","70","87","0","Nil","Nil","Nil","1","0",NA
"92","2025-05-16 00:19:47","2025-05-16 01:01:52","IP Address","NA","100","2525","True","2025-05-16 01:01:53","R_9k5ty3gaa5LtSkw",NA,NA,NA,NA,"28.6542","77.2373","qr","EN","Yes - I want to continue on to the study questions","C","3","88","75","88","83","54","66","49","64","81","81","78","6","72","84","84","16","85","83","82","85","100","77","98","75","50.02","I think it's about to check synchronization between a team comprises of knowledge and unknown people for a task","0","94","93","92","0","93","95","93","92","92","100","91","45","Woman",NA,"Marathi","Indian","Hindu","Delhi, India","Kamptee, India","70","66","84","96","82","Only in school music class","Never","None","3","65","It's a good experience"
"93","2025-05-16 01:22:01","2025-05-16 01:40:08","IP Address","NA","100","1086","True","2025-05-16 01:40:08","R_4EEhWE53h2JW6JW",NA,NA,NA,NA,"28.6327","77.2198","qr","EN","Yes - I want to continue on to the study questions","S","5","100","100","64","100","20","100","28","78","60","100","50","34","100","100","70","24","100","100","74","80","100","70","53","71","79.21","Good","100","100","100","100","57","100","100","100","100","100","51","100","57","Woman",NA,"Hindi","Hinduism","Hindu","Delhi,India","Amritsar India","55","54","100","100",NA,"0","0","0","2","29",NA
"94","2025-05-16 01:19:52","2025-05-16 01:52:34","IP Address","NA","100","1962","True","2025-05-16 01:52:35","R_415RFMbLMMh33Gw",NA,NA,NA,NA,"28.6327","77.2198","qr","EN","Yes - I want to continue on to the study questions","S","2","73","61","65","89","46","50","66","18","18","27","45","8","52","90","97","10","57","97","65","19","100","14","7","69","50.18","I think the goal of the experiment was to understand how music/singing brings people and I think the results will be positive. Music does bring people together atleast in a slight sense.","14","49","68","84","65","46","100","69","47","42","16","64","24","Man",NA,"Marathi","Indian Marathi","Hindu","New Delhi, India","New Delhi, India","0","0","61","37","0","0","0","None","3","53","It was a fun study as a participant"
"95","2025-05-16 01:20:13","2025-05-16 01:53:03","IP Address","NA","100","1969","True","2025-05-16 01:53:03","R_9mjIAdphqltuo4n",NA,NA,NA,NA,"28.6542","77.2373","qr","EN","Yes - I want to continue on to the study questions","S","4","53","54","75","49","77","35","16","28","69","41","54","87","76","29","29","81","27","55","46","44","100","52","15","43","50.27","To see whether we can synchronize and feel like a team when singing together. The result will be that we didn't synchronize well and started giving up on the task while singing.","23","86","66","53","67","68","86","48","56","46","16","48","28","Woman",NA,"Marathi","South Asian","Hindu","Delhi, Indian","Delhi, India","62","68","50","41","69","6","1 or 2","Keyboard","4","57","No"
"96","2025-05-16 01:20:26","2025-05-16 01:53:40","IP Address","NA","100","1994","True","2025-05-16 01:53:41","R_92uedINaYWLDi7v",NA,NA,NA,NA,"28.6327","77.2198","qr","EN","Yes - I want to continue on to the study questions","S","3","89","90","95","74","4","97","5","38","54","66","45","8","91","92","95","0","89","82","75","76","100","57","14","53","89.34","To see how much we connect over a shared song!","6","80","100","79","0","86","95","0","94","86","2","69","43","Woman",NA,"Marathi","Indian/ South Asian","Hindu","Delhi","Delhi, India","0","11","31","31","37","None","None","None","4","16","It was fun to sing along.."
"97","2025-05-16 01:20:06","2025-05-16 01:54:03","IP Address","NA","100","2036","True","2025-05-16 01:54:03","R_9F9t6G0KGlHPUX9",NA,NA,NA,NA,"28.6327","77.2198","qr","EN","Yes - I want to continue on to the study questions","S","1","82","65","64","74","47","78","4","64","63","47","52","20","73","74","76","67","81","95","84","60","100","83","54","52","39.58","To know how people connect together while singing.","81","86","93","92","7","100","100","93","92","92","54","70","23","Man",NA,"Marathi","Indian","Hinduism","Delhi, India","Chhatrapati Sambhajinagar, Indian","40","38","95","91","17","0","6 months","Tabla","3","62","The study was fun."
"98","2025-05-16 02:18:02","2025-05-16 02:45:17","IP Address","NA","100","1634","True","2025-05-16 02:45:17","R_432wJVVDcqSy7oi",NA,NA,NA,NA,"28.6542","77.2373","qr","EN","Yes - I want to continue on to the study questions","R","1","93","55","100","52","6","57","4","36","56","100","36","2","74","66","66","3","74","100","82","50","100","63","11","37","20.06","The goal could be to test the general collective coordination amongst the participants and how naturally they are coordinated when it comes to speech and objects they are generally confronted with, like this song","2","55","100","27","1","9","100","77","42","52","76","37","21","Woman",NA,"Hindi","Punjabi","Hindu/sikh","New Delhi, India","New Delhi, India","100","100","100","100","100","8 years","5 years","Guitar, keyboard, ukulele, tanpura","0",NA,"The study was interesting, we had a small laugh when the subject accompanying me was singing the lines like poetry. The discussions were comfortable and the music session was quite synchronised. We had fun, it was comfortable"
"99","2025-05-16 02:12:25","2025-05-16 02:45:26","IP Address","NA","100","1980","True","2025-05-16 02:45:27","R_4DpYkVMb27hMz5Z",NA,NA,NA,NA,"28.6327","77.2198","qr","EN","Yes - I want to continue on to the study questions","R","4","100","48","100","55","5","46","8","52","53","100","51","4","100","100","100","2","100","100","100","100","100","48","1","55","100","I think the organiser wants to know how I judge and talk to people before  and after knowing them and how comfortable I am in singing with them","5","100","100","45","1","46","97","50","52","48","91","97","32","Woman",NA,"Hindi","Gadhwali","Hindu","Delhi, India","Delhi","2","5","96","51","6","Non","Non","Non","1","95",NA
"100","2025-05-16 02:12:38","2025-05-16 02:47:09","IP Address","NA","100","2070","True","2025-05-16 02:47:09","R_4YA2sbVahL5btFm",NA,NA,NA,NA,"26.4631","80.3479","qr","EN","Yes - I want to continue on to the study questions","R","3","50","50","100","100","100","99","0","0","51","52","50","0","51","49","100","100","100","100","49","0","100","47","0","51","50.48","The goal was to check how synchronized we can be while reciting the lyrics rather than singing it","0","45","100","100","100","47","100","100","50","51","100","52","32","Man",NA,"Hindi","Punjabi (Indian)","Hinduism","New Delhi","New Delhi","0","0","99","0",NA,"0","0",NA,"1","0",NA
"101","2025-05-16 02:12:47","2025-05-16 02:47:56","IP Address","NA","100","2109","True","2025-05-16 02:47:57","R_902gi2YNXQAedwd",NA,NA,NA,NA,"26.4631","80.3479","qr","EN","Yes - I want to continue on to the study questions","R","2","0","10","25","3","71","2","4","7","24","31","37","2","9","2","17","18","15","90","27","19","100","21","0","18","15.39","To observe relationship between how doing an experiment or observing at event together with other people , strengths the bond between people who were strangers earlier","4","3","3","6","7","4","4","3","4","6","0","10","28","Man",NA,"Hindi","Indian","Hindu","New delhi , india","New delhi , india","0","0","0","0","0","0","0","No","0",NA,"It was okay"
"102","2025-05-16 21:00:39","2025-05-16 21:33:09","IP Address","NA","100","1949","True","2025-05-16 21:33:10","R_2YKxTYGR6jWfCAj",NA,NA,NA,NA,"46.7656","23.5945","qr","RO","Yes - I want to continue on to the study questions","C","7","61","34","65","18","85","62","8","0","22","67","15","0","81","83","66","2","53","92","75","5","100","32","89","38","50","Rata flexibilitÄƒÈ›ii dinamicii sociale Ã®ntr-un grup de persoane fÄƒrÄƒ legÄƒturi anterioare, Ã®n baza unui subiect cu potenÈ›ial afectiv crescut È™i familiaritate.","6","62","77","70","7","55","98","94","13","32","58","21","26","Man",NA,"RomÃ¢nÄƒ","RomÃ¢n","CreÈ™tinism - ortodoxism","Cluj-Napoca, RomÃ¢nia","BraÈ™ov, RomÃ¢nia","71","75","100","63","96","0","0","-","0",NA,"Are o structurÄƒ elegantÄƒ."
"103","2025-05-16 21:01:33","2025-05-16 21:33:17","IP Address","NA","100","1903","True","2025-05-16 21:33:18","R_8MXScCV6omAhcqa",NA,NA,NA,NA,"46.7656","23.5945","qr","RO","Yes - I want to continue on to the study questions","C","3","90","55","55","66","25","100","51","53","58","67","40","20","59","36","95","71","49","73","51","50","100","54","13","41","60.85","Nu È™tiu dacÄƒ s a terminat deja","19","84","13","92","17","54","81","44","65","68","6","69","34","Woman",NA,"RomÃ¢nÄƒ","Caucazian",NA,"Cluj, RomÃ¢nia","HuÈ™i, RomÃ¢nia","22","33","85","81","75","1","1","Pian","0",NA,"-"
"104","2025-05-16 21:01:57","2025-05-16 21:33:22","IP Address","NA","100","1885","True","2025-05-16 21:33:23","R_2dF7Xus12tAcrLB",NA,NA,NA,NA,"46.7656","23.5945","qr","RO","Yes - I want to continue on to the study questions","C","5","100","100","27","54","2","67","67","34","51","26","49","14","59","100","75","31","52","100","99","51","100","50","15","60","93.5","Pentru a vedea apropierea È™i deschiderea unor oameni necunoscuÈ›i Ã®ntre ei Ã®nainte È™i dupÄƒ o micÄƒ discuÈ›ie ipoteticÄƒ. Ca rezultate consider cÄƒ se va vedea o Ã®mbunÄƒtÄƒÈ›ire de deschidere din partea participantilor","0","68","100","73","0","53","100","83","60","70","65","75","22","Woman",NA,"romÃ¢nÄƒ","romÃ¢n","creÈ™tin ortodox","Cluj-Napoca, RomÃ¢nia","CÃ¢mpina, RomÃ¢nia","51","0","100","100","82","0","0","-","2","32",NA
"105","2025-05-16 21:08:11","2025-05-16 21:33:49","IP Address","NA","100","1537","True","2025-05-16 21:33:50","R_8ODEn8pYHxwWHf5",NA,NA,NA,NA,"46.7656","23.5945","qr","RO","Yes - I want to continue on to the study questions","C","8","86","83","91","85","54","52","5","50","61","98","74","0","94","100","100","3","92","100","100","98","100","93","13","76","100","Cred ca experimentul testeaza cat de mare e probabilitatea ca noi sa ne identificam cu grupul","0","100","100","100","14","87","98","89","91","87","56","79",NA,"Man",NA,"Romana","Roman","Ortodox nepracticant","Cluj-Napoca","Braila, Romania","78","90","100","64","100","0","2","Tobe","3","69","Felicitari pentru idee si pentru modul de desfasurare a experimentului. Astept cu interes rezultatele."
"106","2025-05-16 21:01:37","2025-05-16 21:33:47","IP Address","NA","100","1930","True","2025-05-16 21:33:50","R_8me45kGE58dkId6",NA,NA,NA,NA,"46.7656","23.5945","qr","RO","Yes - I want to continue on to the study questions","C","10","76","53","100","88","22","63","0","19","47","100","50","0","59","100","48","0","40","100","100","30","100","48","44","49","75.21","Cred ca scopul evenimentului a fost sa vada in ce mÄƒsurÄƒ oamenii au Ã®ncredere unul Ã®n celÄƒlalt la prima vedere si cum muzica ne poate aduce Ã®mpreunÄƒ. Cred ca studiul o sÄƒ aibÄƒ rezultate interesante, È™i sperÄƒm cat mai multe citÄƒri. BAFTÄ‚!","0","77","100","65","0","49","100","100","36","56","67","50","22","Man",NA,"RomÃ¢nÄƒ","RomÃ¢n","Penticostal","Cluj-Napoca, RomÃ¢nia","Beclean, RomÃ¢nia","65","66","100","100","100","0","3 luni","Tobe È™i orgÄƒ","1",NA,"A fost nice"
"107","2025-05-16 21:01:33","2025-05-16 21:34:00","IP Address","NA","100","1946","True","2025-05-16 21:34:00","R_2sCpMIhfqQiK5yh",NA,NA,NA,NA,"46.7656","23.5945","qr","RO","Yes - I want to continue on to the study questions","C","9","9","26","91","42","86","11","0","2","2","100","19","0","13","74","31","7","26","100","44","20","100","36","0","0","80.34","Scopul este sÄƒ vedem cÃ¢tÄƒ Ã®ncredere avem unii Ã®n alÈ›ii?! Cred ca È™i ceilalÈ›i vor alege sÄƒ punÄƒ mulÈ›i bani","0","30","100","75","8","54","100","100","29","30","0","34","23","Man",NA,"RomÃ¢nÄƒ","RomÃ¢n","Crestin-ortodox","Cluj-Napoca, RomÃ¢nia","FOCÈ˜ANI, RomÃ¢nia","30","0","100","100","2","0","0","-","1","0","Fain, Fain, mai venim:)))"
"108","2025-05-16 21:02:38","2025-05-16 21:34:05","IP Address","NA","100","1886","True","2025-05-16 21:34:06","R_8pXlSij8UmV8Cd6",NA,NA,NA,NA,"46.7656","23.5945","anonymous","RO","Yes - I want to continue on to the study questions","C","2","100","100","100","100","100","100","9","74","83","64","53","0","100","100","81","15","54","64","56","56","100","52","100","53","70.92","Legatura dintre voce si Ã®ncrederea intr-o persoanÄƒ","0","100","100","100","0","67","100","100","37","67","68","66","45","Woman",NA,"Maghiara","Roman","-","Cluj-Napoca","Baia Mare, MaramureÈ™,  RomÃ¢nia","18","63","90","100","72","Zero","Zero","-","1","83","-"
"109","2025-05-16 21:02:51","2025-05-16 21:34:59","IP Address","NA","100","1928","True","2025-05-16 21:35:00","R_8coRouB6diFDdVT",NA,NA,NA,NA,"46.7656","23.5945","qr","RO","Yes - I want to continue on to the study questions","C","1","8","52","75","71","28","80","10","81","51","75","49","17","78","70","84","5","81","90","82","72","100","68","0","60","50","Nu È™tiu.... Nu È™tiu....","5","88","93","85","5","94","91","85","64","87","83","89","50","Man",NA,"RomÃ¢nÄƒ","RomÃ¢ni","Crestini","Cluj, RomÃ¢nia","Baia Mare, RomÃ¢nia","7","7","74","94","17","0","0","Nu","0",NA,"Cool"
"110","2025-05-16 21:00:08","2025-05-16 21:35:41","IP Address","NA","100","2132","True","2025-05-16 21:35:41","R_8yl5LXgn5vqREGA",NA,NA,NA,NA,"46.7656","23.5945","qr","RO","Yes - I want to continue on to the study questions","C","4","47","62","80","59","68","57","17","50","49","59","28","24","58","39","38","54","56","100","65","48","100","49","73","35","39.86","Nu mi-am pus aceasta intrebare","27","64","55","74","53","66","98","89","49","57","50","49","27","Woman",NA,"Romana","Roman","Agnosticism","Cluj Napoca, Romania","Cluj-Napoca, Romania","48","81","94","49","60","0","2","Chitara","1","13","Nu"
"111","2025-05-20 11:31:08","2025-05-20 12:01:06","IP Address","NA","100","1797","True","2025-05-20 12:01:08","R_4oz5Enf8kvq6EoY",NA,NA,NA,NA,"-36.8504","174.7675","qr","ZH-S","Yes - I want to continue on to the study questions","S","2","0","52","69","53","100","50","0","24","0","75","35","19","26","47","47","81","28","100","81","20","100","25","4","27","50.14","ç›®çš„æ˜¯ç ”ç©¶å¤§å®¶åœ¨å°ç»„æ´»åŠ¨å”±æ­Œä¸­çš„å¿ƒç†ååº”ä¸å˜åŒ–ï¼Œæœ€åçš„ç»“æœå°†ä¼šæŠŠæ¯ä¸ªæˆå‘˜æŒ‰ç…§æ´»åŠ¨è¿›è¡Œæ—¶çš„å¿ƒç†æ´»åŠ¨ï¼Œè¿›è¡Œåˆ†ç±»ï¼Œæœ€åç»Ÿè®¡åˆ†ç±»ç»“æœã€‚","80","81","64","81","69","44","77","87","60","46","8","43","20","Man",NA,"Chinese","ä¸­å›½äºº","æ— ","æ–°è¥¿å…°å¥¥å…‹å…°","ä¸­å›½å†…è’™å¤è‡ªæ²»åŒºå‘¼å’Œæµ©ç‰¹å¸‚","26","60","100","66","7","0","15","é©¬å¤´ç´","1","18","å¸Œæœ›åœ¨ååŠæ®µå¢å¤šè®¨è®ºæ²Ÿé€šçš„æ—¶é—´"
"112","2025-05-20 11:31:17","2025-05-20 12:02:47","IP Address","NA","100","1890","True","2025-05-20 12:02:47","R_4MM48nr4AiENVLB",NA,NA,NA,NA,"-36.8504","174.7675","qr","ZH-S","Yes - I want to continue on to the study questions","S","4","0","100","52","100","52","100","0","54","53","54","52","50","100","100","100","0","100","100","100","100","100","100","100","100","82.61","åŸ¹å…»äººå’Œäººä¹‹é—´çš„é»˜å¥‘é…åˆ å’Œåä½œèƒ½åŠ› æˆ‘è®¤ä¸ºè¿™æ˜¯ä¸€ä¸ªå¥½çš„ç»“æœ é€šè¿‡ç®€å•çš„åˆå”±è®©æ¯ä¸ªäººéƒ½å¯ä»¥å¿«é€Ÿçš„èå…¥è¿™ä¸ªé›†ä½“","0","100","100","100","0","55","100","100","100","56","58","100","24","Man",NA,"ä¸­æ–‡","ä¸­å›½äºº",NA,"æ–°è¥¿å…°","ä¸­å›½","0","0","100","100","58","0","2","ç«¹ç¬›","0",NA,"å¾ˆå®Œç¾çš„ä¸€é¡¹ç ”ç©¶"
"113","2025-05-20 11:31:18","2025-05-20 12:03:11","IP Address","NA","100","1913","True","2025-05-20 12:03:11","R_42YgEaebKZuqsi0",NA,NA,NA,NA,"-36.8504","174.7675","qr","ZH-S","Yes - I want to continue on to the study questions","S","7","100","62","68","54","42","51","53","53","53","52","49","52","100","73","88","51","54","100","71","51","100","34","49","51","50.16","æ¢ç©¶åŒç§è¯­è¨€çš„éŸ³ä¹å½¢å¼èƒ½å¤Ÿæ‹‰è¿‘äººä¸äººä¹‹é—´çš„å…³ç³»ä»¥åŠæ¢ç©¶è¯­è¨€å’ŒéŸ³ä¹å¯¹é›†ä½“æ„Ÿçš„å½±å“ï¼Œç»“æœå¯èƒ½æ˜¯æ­£å‘å½±å“","0","72","92","50","34","51","100","100","49","49","32","52","22","Man",NA,"ä¸­æ–‡","ä¸­å›½äºº","æ— ","æ–°è¥¿å…°å¥¥å…‹å…°","ä¸­å›½å±±ä¸œé’å²›","79","100","100","51","100","0","8","è‘«èŠ¦ä¸ å·´ä¹Œ å•ç°§ç®¡ æ‰‹é£ç´ é’¢ç´ å¤ç­","1","16","æ— "
"114","2025-05-20 11:31:38","2025-05-20 12:03:11","IP Address","NA","100","1892","True","2025-05-20 12:03:12","R_4aDQv1YETpGteJr",NA,NA,NA,NA,"-36.8504","174.7675","qr","ZH-S","Yes - I want to continue on to the study questions","S","6","0","51","86","50","0","53","0","51","29","61","48","2","100","54","100","0","55","100","75","63","100","36","73","50","39.87","ä½“ç°å›¢é˜Ÿåˆä½œï¼Ÿç»“æœçœ‹å›¢é˜Ÿçš„é…åˆç¨‹åº¦","0","100","68","100","0","60","100","71","50","51","50","74","31","Man",NA,"ä¸­æ–‡","ä¸­å›½äºº","æ— ","æ–°è¥¿å…°å¥¥å…‹å…°","ä¸­å›½æµ™æ±Ÿçœè¡¢å·å¸‚","0","0","100","51","0","æ— ","æ— ",NA,"1","0","æ— "
"115","2025-05-20 11:31:01","2025-05-20 12:03:52","IP Address","NA","100","1970","True","2025-05-20 12:03:52","R_4d1UyDOMGGFyURr",NA,NA,NA,NA,"-36.8504","174.7675","qr","ZH-S","Yes - I want to continue on to the study questions","S","5","100","100","100","79","0","0","0","19","20","100","52","0","100","100","100","0","20","100","74","28","100","27","75","75","50.14","æ¢ç©¶åˆå”±å¯¹äºåœ¨é›†ä½“ä¸­ä¸ªäººå®šä½æ„Ÿå—çš„å½±å“ï¼Œä»¥åŠé›†ä½“ä¸­çš„ä¸ªäººè´¡çŒ®","0","100","100","100","0","100","100","100","91","90","74","86","26","Woman",NA,"ç®€ä½“ä¸­æ–‡","ä¸­å›½äºº","æ— ","æ–°è¥¿å…°å¥¥å…‹å…°","ä¸­å›½é•¿æ²™","11","40","100","100","100","0","0","0","0",NA,"æˆ‘è§‰å¾—å¾ˆæœ‰è¶£ï¼Œä½†æ˜¯è¯»é¢˜æ—¶é—´æ„Ÿè§‰é¢„ç•™å¤ªä¹…äº†ï¼ŒåŸºæœ¬ä¸Šå¤§å®¶éƒ½ç»“æŸäº†è¿˜ç­‰å¾ˆä¹…æ‰å¼€å§‹ä¸‹ä¸€ä¸ªéƒ¨åˆ†ã€‚"
"116","2025-05-20 11:31:07","2025-05-20 12:04:10","IP Address","NA","100","1983","True","2025-05-20 12:04:10","R_4oAnvGrDn5VEwWH",NA,NA,NA,NA,"-36.8504","174.7675","qr","ZH-S","Yes - I want to continue on to the study questions","S","1","64","50","44","100","44","82","82","93","91","20","46","52","91","99","99","18","100","88","78","99","100","95","98","56","70.38","å›¢ç»“ä»¥åŠä¼ æ’­æ–‡åŒ–ï¼Œä¼šéå¸¸å®Œç¾","51","100","100","100","0","74","99","100","100","65","100","82","19","Woman",NA,"ä¸­æ–‡","ä¸­å›½äºº",NA,"æ–°è¥¿å…°","ä¸­å›½","59","38","100","100","99","0","0",NA,"1","3","å¾ˆæ£’çš„ç ”ç©¶"
"117","2025-05-20 11:28:52","2025-05-20 12:04:16","IP Address","NA","100","2124","True","2025-05-20 12:04:17","R_9CMXg03RTC8M28D",NA,NA,NA,NA,"-36.8504","174.7675","qr","ZH-S","Yes - I want to continue on to the study questions","S","3","100","100","100","89","3","89","2","50","93","100","55","0","90","100","90","2","79","100","98","67","100","66","60","50","50.21","åŒè¯­è¨€èƒŒæ™¯ä¸‹é™Œç”Ÿäººä¹‹é—´çš„è¿ç»“å…³ç³»ï¼Œä¸ç¡®å®šå®éªŒç»“æœ","1","83","100","98","2","63","100","87","80","87","59","52","30","Woman",NA,"ä¸­æ–‡","ä¸­å›½äºº","æ— ","æ–°è¥¿å…°å¥¥å…‹å…°","ä¸­å›½æ¦†æ—","53","80","100","100","28","æ— ","æ— ","æ— ","0",NA,"æŒºå¥½ç©çš„ï¼Œå¯ä»¥å¤šä¸€ç‚¹ç±»ä¼¼çš„å®éªŒã€‚æ­Œæ›²å¯ä»¥æ¢ä¸ªä¸æ˜¯åå¤å¾ªç¯çš„æ­Œè¯å˜›"
"118","2025-05-20 12:46:05","2025-05-20 13:11:16","IP Address","NA","100","1510","True","2025-05-20 13:11:16","R_9smENMXyzxEEiab",NA,NA,NA,NA,"-36.8504","174.7675","qr","ZH-S","Yes - I want to continue on to the study questions","R","6","52","99","22","100","5","51","38","55","54","13","0","4","100","51","100","0","47","100","82","52","100","54","85","29","0","æˆ‘ä¸æ¸…æ¥š","0","100","75","100","0","51","50","100","53","1","66","30","18","Woman",NA,"ä¸­å›½","ä¸­å›½äºº",NA,"æ–°è¥¿å…°å¥¥å…‹å…°","ä¸­å›½æˆéƒ½","50","73","100","77","78",NA,NA,NA,"0",NA,"æ²¡æœ‰"
"119","2025-05-20 12:36:56","2025-05-20 13:11:20","IP Address","NA","100","2063","True","2025-05-20 13:11:20","R_4td9IqqKU0o7rod",NA,NA,NA,NA,"-36.8565","174.7516","qr","ZH-S","Yes - I want to continue on to the study questions","R","3","76","49","50","25","0","27","47","0","0","25","0","0","49","23","75","27","49","84","77","24","100","23","100","30","100","æˆ‘è®¤ä¸ºæ˜¯æµ‹è¯•æœ—è¯»å’Œæ­Œå”±æ˜¯å¦ä¼šå¯¹äººä¹‹é—´çš„è¿æ¥å…³ç³»äº§ç”Ÿæ­£é¢å½±å“ï¼Œæˆ‘è®¤ä¸ºç»“æœä¼šè¯æ˜å…¶æ­£é¢å½±å“","0","50","48","81","0","18","100","81","48","19","75","51","18","Man",NA,"æ±‰è¯­","ä¸­å›½äºº","æ— ","æ–°è¥¿å…° å¥¥å…‹å…°","ä¸­å›½ å¤§è¿","49","77","100","53","100","0","2","é’¢ç´ï¼Œæ¶å­é¼“","0",NA,"æˆ‘è®¤ä¸ºç¬¬ä¸€ä¸ªé—®é¢˜ç»™çš„æ—¶é—´è¿‡é•¿ï¼Œè®©äººä¸çŸ¥é“è¯¥å¹²äº›ä»€ä¹ˆï¼Œä¸ç¡®å®šæ˜¯å¦æ˜¯å®éªŒçš„ä¸€éƒ¨åˆ†ã€‚"
"120","2025-05-20 12:36:57","2025-05-20 13:11:28","IP Address","NA","100","2070","True","2025-05-20 13:11:28","R_4YqSEcawW9T5zKV",NA,NA,NA,NA,"-36.8504","174.7675","qr","ZH-S","Yes - I want to continue on to the study questions","R","1","70","96","98","100","0","55","10","51","53","97","54","50","100","52","50","54","53","100","100","75","100","56","78","48","50","ç›®çš„æ˜¯ä¸ºäº†ç ”ç©¶ä¸–ç•ŒèŒƒå›´å†…éŸ³ä¹å’Œè¯­è¨€çš„å…³ç³»ï¼Œç»“æœå¯èƒ½æ˜¯å…³è”å¾ˆç´§å¯†","75","100","53","54","82","55","100","93","51","56","58","52","23","Woman",NA,"æ™®é€šè¯","ä¸­å›½äºº","æ— ","æ–°è¥¿å…°å¥¥å…‹å…°","ä¸­å›½æ²³åŒ—çœç§¦çš‡å²›å¸‚","4","6","100","52","29","0","3","é’¢ç´","1","83","æ— "
"121","2025-05-20 12:36:58","2025-05-20 13:11:47","IP Address","NA","100","2089","True","2025-05-20 13:11:48","R_4foURPpciVslFPr",NA,NA,NA,NA,"-36.8504","174.7675","qr","ZH-S","Yes - I want to continue on to the study questions","R","2","62","100","50","50","50","15","100","0","0","52","9","0","100","100","51","51","0","100","100","0","100","0","100","7","30.2","è°ƒæŸ¥ç ”ç©¶ å¯èƒ½æœ‰çš„é—®é¢˜å¤§å®¶çš„å›ç­”å¾ˆç›¸ä¼¼","0","100","50","100","52","0","100","100","51","0","100","9","19","Woman",NA,"æ±‰è¯­","ä¸­å›½äºº",NA,"æ–°è¥¿å…°å¥¥å…‹å…°","ä¸­å›½å†…è’™å¤è‡ªæ²»åŒº","0","0","100","46","0","æ²¡å­¦è¿‡","ä»ä¸åˆ°6å²å­¦åˆ°åˆäºŒ","å¤ç­ æ¶å­é¼“","1","83","æ²¡æœ‰"
"122","2025-05-20 12:36:59","2025-05-20 13:12:27","IP Address","NA","100","2128","True","2025-05-20 13:12:28","R_4w1vx9ZtqJrLXW1",NA,NA,NA,NA,"-36.8504","174.7675","qr","ZH-S","Yes - I want to continue on to the study questions","R","4","82","51","31","18","33","34","28","9","31","50","8","79","49","9","31","79","83","32","64","13","100","66","76","19","50","é™Œç”Ÿäººä¹‹é—´çš„ä¿¡ä»»åº¦æ˜¯å¦å› ä¸ºéŸ³ä¹æˆ–è€…åˆä½œè€Œæå‡ï¼Ÿ/åœ¨åˆä½œä¸­çš„ä¸ªäººè´¡çŒ®ä¸ä¿¡ä»»ä¹‹é—´çš„å…³ç³»","50","48","23","75","50","22","87","70","82","54","88","53","23","Woman",NA,"ä¸­æ–‡","ä¸­å›½äºº","æ— ","æ–°è¥¿å…°å¥¥å…‹å…°","ä¸­å›½æ¹–å—æ ªæ´²","71","91","100","89","100","0","1","çµç¶","0",NA,"æœ—è¯»æœ‰ç‚¹å°´å°¬ğŸ˜‚"
"123","2025-05-20 12:36:59","2025-05-20 13:13:00","IP Address","NA","100","2161","True","2025-05-20 13:13:00","R_4j1lUr53YkEFE6h",NA,NA,NA,NA,"-36.8504","174.7675","qr","ZH-S","Yes - I want to continue on to the study questions","R","5","50","74","82","50","70","19","7","23","50","26","12","4","46","45","64","45","19","100","30","15","100","16","100","21","80.34","ä¸€ç§æœä»æ€§æµ‹è¯•ã€‚æ²¡æœ‰ä»€ä¹ˆç»“æœã€‚","7","100","53","74","10","20","100","76","19","19","49","29","47","Man",NA,"ä¸­æ–‡","ä¸­å›½äºº",NA,"æ–°è¥¿å…°å¥¥å…‹å…°","ä¸­å›½åŒ—äº¬","100","100","100","50","100","ä¸€ä¸ªæœˆ","10å¹´","å¤§æç´","0",NA,"å¾ˆæœ‰æ„æ€ã€‚æœ‰ç¥ç§˜æ„Ÿã€‚"
"124","2025-05-20 14:04:25","2025-05-20 14:35:06","IP Address","NA","100","1840","True","2025-05-20 14:35:07","R_4xPgsGuJjK6Movz",NA,NA,NA,NA,"-36.8504","174.7675","qr","ZH-S","Yes - I want to continue on to the study questions","C","2","49","85","28","69","52","54","40","16","17","12","24","20","71","39","73","48","17","100","100","54","100","57","61","17","51.25","äº†è§£æ¯ä¸ªäººçš„æ€§æ ¼ï¼Œå¦‚æœæ ·æœ¬å¾ˆå¤§å¯èƒ½ä¼šæ¯”è¾ƒå‡†ç¡®","6","41","54","55","12","42","50","38","37","30","59","34","26","Woman",NA,"ä¸­æ–‡","ä¸­å›½äºº","æ— ","æ–°è¥¿å…° å¥¥å…‹å…°","ä¸­å›½åŒ—äº¬","10","12","100","74","14","0","0","æ— ","1","0","æ²¡æœ‰"
"125","2025-05-20 14:04:13","2025-05-20 14:35:25","IP Address","NA","100","1872","True","2025-05-20 14:35:26","R_4Mu03mNlKMSLf1s",NA,NA,NA,NA,"-36.8504","174.7675","qr","ZH-S","Yes - I want to continue on to the study questions","C","4","1","100","51","6","100","4","55","7","5","51","51","55","100","27","100","79","8","100","82","53","95","12","98","31","50.14","å‘è¡¨ç ”ç©¶è®ºæ–‡ï¼Ÿè¯æ˜ä¸€äº›è¯­è¨€çš„å†…å®¹ä¹‹ç±»çš„","37","100","39","82","28","11","100","100","43","42","100","52","18","Woman",NA,"ä¸­æ–‡","ä¸­å›½äºº","æ— ","æ–°è¥¿å…°å¥¥å…‹å…°","ä¸­å›½ä¹æ±Ÿ","17","11","100","68","9","æ²¡æœ‰æ¥å—è¿‡","æ²¡æœ‰æ¥å—è¿‡",NA,"0",NA,"å¯ä»¥åŠ å…¥ä¸€ä¸ªè®©å‚ä¸è€…è‡ªæˆ‘ä»‹ç»çš„ç¯èŠ‚"
"126","2025-05-20 14:04:10","2025-05-20 14:35:52","IP Address","NA","100","1902","True","2025-05-20 14:35:53","R_4eTwKzdkhk2m7lL",NA,NA,NA,NA,"-36.8504","174.7675","qr","ZH-S","Yes - I want to continue on to the study questions","C","05","53","57","100","100","54","51","58","54","54","100","100","13","100","100","11","10","7","100","52","7","100","10","11","53","51.08","äº†è§£å¤§å®¶çš„æƒ³æ³•ï¼Œæ˜¯å¦æ˜¯ä¸€ä¸ªå›¢é˜Ÿ","9","98","99","98","10","9","99","98","52","56","6","50",NA,"Woman",NA,"ä¸­æ–‡","ä¸­å›½äºº","æ²¡æœ‰","å¥¥å…‹å…°","ä¸­å›½","100","16","100","100","100","0","1","å‰ä»–","0",NA,"æˆ‘è§‰å¾—éå¸¸æœ‰æ„æ€çš„å®éªŒï¼Œå¤§å®¶åœ¨å®éªŒä¸­é€æ¸ç†Ÿæ‚‰åæœ‰ä¸€äº›é»˜å¥‘äº†ï¼Œæœ‰æ—¶å€™ä¼šå¯¹è§†"
"127","2025-05-20 14:04:24","2025-05-20 14:35:54","IP Address","NA","100","1889","True","2025-05-20 14:35:54","R_9YRfAewsNyczxTW",NA,NA,NA,NA,"-36.8504","174.7675","qr","ZH-S","Yes - I want to continue on to the study questions","C","1","100","100","100","100","50","100","50","100","100","100","100","52","100","100","100","47","100","100","100","100","100","100","49","100","50.16","è®©æˆ‘ä»¬äº’ç›¸äº¤æµï¼Œäº†è§£å¤§å®¶ï¼Œä¸€èµ·å”±æ­Œï¼Œæˆä¸ºæœ‹å‹","49","100","100","100","47","100","100","100","100","100","51","100","19","Woman",NA,"ä¸­æ–‡","ä¸­å›½äºº","æ— ","æ–°è¥¿å…° å¥¥å…‹å…°","ä¸­å›½ å±±ä¸œçœ æµå—å¸‚","50","51","100","100","100","3","3","é•¿ç¬›","2","61","æ— "
"128","2025-05-20 14:04:26","2025-05-20 14:36:51","IP Address","NA","100","1945","True","2025-05-20 14:36:52","R_9GOKK46cSE35mGM",NA,NA,NA,NA,"-36.8504","174.7675","qr","ZH-S","Yes - I want to continue on to the study questions","C","3","34","50","61","47","48","77","45","78","61","26","0","28","77","53","78","47","73","82","54","38","100","56","7","15","50","ç›®çš„æ˜¯ç ”ç©¶éŸ³ä¹å’Œè¯­è¨€çš„å…³ç³»","78","100","31","100","66","65","37","38","67","62","59","45","25","Man",NA,"ä¸­æ–‡","ä¸­å›½äºº","åŸºç£æ•™","å¥¥å…‹å…°ï¼Œæ–°è¥¿å…°","æ™¯å¾·é•‡ï¼Œä¸­å›½","28","51","78","46","62","0","1","å‰ä»–","1","100","æ²¡æœ‰"
"129","2025-05-20 14:04:23","2025-05-20 14:37:07","IP Address","NA","100","1964","True","2025-05-20 14:37:08","R_4c5YVsOA39SE6p3",NA,NA,NA,NA,"-36.8504","174.7675","qr","ZH-S","Yes - I want to continue on to the study questions","C","7","37","37","64","32","65","47","22","16","56","57","23","43","48","33","48","23","57","55","46","40","100","65","14","26","42.44","çœ‹äº¤è°ˆèƒ½ä¸èƒ½è®©æˆ‘ä»¬æ„Ÿè§‰åˆ°æ›´åŠ å›¢ç»“ï¼Ÿæˆ‘è®¤ä¸ºä¼šæœ‰æ•ˆæœçš„ï¼Œä½†ä¸æ˜¯å¾ˆæ˜¾è‘—","25","54","36","59","56","43","61","43","60","50","60","35","19","Woman",NA,"ä¸­æ–‡","ä¸­å›½äºº","æ— ","æ–°è¥¿å…°ï¼Œå¥¥å…‹å…°","ä¸­å›½ï¼Œç¦å·","22","51","67","55","56","0","1","é’¢ç´","0",NA,"ä¹‹å‰ä¸çŸ¥é“æ˜¯å°ç»„å½¢å¼çš„"
"130","2025-05-20 14:04:05","2025-05-20 14:38:19","IP Address","NA","100","2054","True","2025-05-20 14:38:20","R_45FOUTkyaHhDaTs",NA,NA,NA,NA,"-36.8504","174.7675","qr","ZH-S","Yes - I want to continue on to the study questions","C","6","66","100","100","100","20","41","12","68","68","100","52","29","100","92","100","17","3","96","68","40","100","22","3","52","60.51","å¯èƒ½æ˜¯ç ”ç©¶éŸ³ä¹è¯­è¨€å¹´é¾„å’Œäººå£°éŸ³çš„å…³ç³»ã€‚æˆ‘è§‰å¾—è‚¯å®šæ˜¯æœ‰å…³ç³»çš„ï¼Œå¯ä»¥åˆ†è¾¨å‡ºæ˜¯è°ã€‚","4","87","53","100","0","21","100","89","100","26","97","75","19","Woman",NA,"æ™®é€šè¯","ä¸­å›½äºº","æ— ","å¥¥å…‹å…°ï¼Œæ–°è¥¿å…°","å¤ªåŸï¼Œä¸­å›½","0","53","100","100","88","0","5","é’¢ç´","1","0",NA
